lead_key,business_name,category,owner_name,phone_primary,phone_secondary,whatsapp,email,address,city,pincode,latitude,longitude,opening_hours,has_website,website_url,website_quality,rating,review_count,years_in_business,socials,source,source_url,place_id,lead_score,lead_tier,data_fetched_at,stale_after,outreach_status,opt_out,sample_site_url,pitch_deck_url,notes,contact_channel,wa_link,region,country,assigned_employee,pain_points,recommended_pitch,crm_status,crm_notes,last_contacted_at,next_callback_at
ph:+919985721155,V Care Clinic - Dr Mohd Vaseem - Best Doctor in Hyderabad,Doctor,,+919985721155,,,,"V Care Clinic, Behind Habeeb Nagar PS, Near, Alhamdulillah Hotel Rd, Aghapura, Nampally, Hyderabad, Telangana 500001, India",Hyderabad,,17.3892955,78.4629364,Monday: 4:00 – 6:00 PM; Tuesday: 4:00 – 6:00 PM; Wednesday: 4:00 – 6:00 PM; Thursday: 4:00 – 6:00 PM; Friday: 4:00 – 6:00 PM; Saturday: 4:00 – 6:00 PM; Sunday: Closed,False,,none,4.9,168,,,google_places,https://www.google.com/maps/place/?q=place_id:ChIJJeWgApWXyzsR1JVe35bPIJU,ChIJJeWgApWXyzsR1JVe35bPIJU,85,HOT,2026-07-27T16:30:59.296863,2026-08-26T16:30:59.296863,new,False,,,"MSG: Hi! This is Taarush, I run TK Vibes, a small web studio. I was actually looking up doctors in Hyderabad last week and V Care Clinic kept coming up with great reviews — but I couldn't find a website, which honestly surprised me. So I went ahead and built a sample one for you. It's real, it's ready, and it's genuinely just a click away from going live. I'll send over the sample site and a short deck showing what it could do for you — no charge to look, no pressure. Would you like to see it?",whatsapp,https://wa.me/919985721155?text=Hi%21%20This%20is%20Taarush%2C%20I%20run%20TK%20Vibes%2C%20a%20small%20web%20studio.%20I%20was%20actually%20looking%20up%20doctors%20in%20Hyderabad%20last%20week%20and%20V%20Care%20Clinic%20kept%20coming%20up%20with%20great%20reviews%20%E2%80%94%20but%20I%20couldn%27t%20find%20a%20website%2C%20which%20honestly%20surprised%20me.%20So%20I%20went%20ahead%20and%20built%20a%20sample%20one%20for%20you.%20It%27s%20real%2C%20it%27s%20ready%2C%20and%20it%27s%20genuinely%20just%20a%20click%20away%20from%20going%20live.%20I%27ll%20send%20over%20the%20sample%20site%20and%20a%20short%20deck%20showing%20what%20it%20could%20do%20for%20you%20%E2%80%94%20no%20charge%20to%20look%2C%20no%20pressure.%20Would%20you%20like%20to%20see%20it%3F,,,,,,,,,
ph:+918919824873,Safe Clinic Dr. Pushpa general physician,Medical Clinic,,+918919824873,,,,"Rd Number 11, Netaji Nagar Colony, Langar Houz, Hyderabad, Telangana 500008, India",Hyderabad,,17.3790286,78.4275713,"Monday: 9:00 AM – 4:00 PM, 5:00 – 9:00 PM; Tuesday: 9:00 AM – 4:00 PM, 5:00 – 9:00 PM; Wednesday: 9:00 AM – 4:00 PM, 5:00 – 9:00 PM; Thursday: 9:00 AM – 4:00 PM, 5:00 – 9:00 PM; Friday: 9:00 AM – 4:00 PM, 5:00 – 9:00 PM; Saturday: 9:00 AM – 4:00 PM, 5:00 – 9:00 PM; Sunday: Closed",False,,none,4.9,133,,,google_places,https://www.google.com/maps/place/?q=place_id:ChIJSyyX41GXyzsRtoW8M4FQebo,ChIJSyyX41GXyzsRtoW8M4FQebo,85,HOT,2026-07-27T16:30:59.296863,2026-08-26T16:30:59.296863,new,False,,,"MSG: Hi! This is Taarush, I run TK Vibes, a small web studio. I was actually looking up medical clinics in Hyderabad last week and Safe Clinic Dr. Pushpa general physician kept coming up with great reviews — but I couldn't find a website, which honestly surprised me. So I went ahead and built a sample one for you. It's real, it's ready, and it's genuinely just a click away from going live. I'll send over the sample site and a short deck showing what it could do for you — no charge to look, no pressure. Would you like to see it?",whatsapp,https://wa.me/918919824873?text=Hi%21%20This%20is%20Taarush%2C%20I%20run%20TK%20Vibes%2C%20a%20small%20web%20studio.%20I%20was%20actually%20looking%20up%20medical%20clinics%20in%20Hyderabad%20last%20week%20and%20Safe%20Clinic%20Dr.%20Pushpa%20general%20physician%20kept%20coming%20up%20with%20great%20reviews%20%E2%80%94%20but%20I%20couldn%27t%20find%20a%20website%2C%20which%20honestly%20surprised%20me.%20So%20I%20went%20ahead%20and%20built%20a%20sample%20one%20for%20you.%20It%27s%20real%2C%20it%27s%20ready%2C%20and%20it%27s%20genuinely%20just%20a%20click%20away%20from%20going%20live.%20I%27ll%20send%20over%20the%20sample%20site%20and%20a%20short%20deck%20showing%20what%20it%20could%20do%20for%20you%20%E2%80%94%20no%20charge%20to%20look%2C%20no%20pressure.%20Would%20you%20like%20to%20see%20it%3F,,,,,,,,,
ph:+918919341154,Caspian Healthcare,Hospital,,+918919341154,,,,"10-3-761/8, Ahmed Rd, near Nirmala Hospital, Vijaynagar Colony, SBH Colony, Vijaya Nagar Colony, Hyderabad, Telangana 500057, India",Hyderabad,,17.3943484,78.451628,Monday: Open 24 hours; Tuesday: Open 24 hours; Wednesday: Open 24 hours; Thursday: Open 24 hours; Friday: Open 24 hours; Saturday: Open 24 hours; Sunday: Open 24 hours,False,https://yourdramreen.com/,none,4.9,1276,,,google_places,https://www.google.com/maps/place/?q=place_id:ChIJgVN7dwiXyzsRRhxPks2UBXg,ChIJgVN7dwiXyzsRRhxPks2UBXg,85,HOT,2026-07-27T16:30:59.296863,2026-08-26T16:30:59.296863,new,False,,,"MSG: Hi! This is Taarush, I run TK Vibes, a small web studio. I came across Caspian Healthcare while looking at hospitals in Hyderabad — your reviews are great, but your current site isn't doing them justice. So I redesigned it. Not a mockup, an actual working version that's a click away from going live. I'll share the redesign and a short deck on what it could do for you — free to look, zero pressure. Want me to send it over?",whatsapp,https://wa.me/918919341154?text=Hi%21%20This%20is%20Taarush%2C%20I%20run%20TK%20Vibes%2C%20a%20small%20web%20studio.%20I%20came%20across%20Caspian%20Healthcare%20while%20looking%20at%20hospitals%20in%20Hyderabad%20%E2%80%94%20your%20reviews%20are%20great%2C%20but%20your%20current%20site%20isn%27t%20doing%20them%20justice.%20So%20I%20redesigned%20it.%20Not%20a%20mockup%2C%20an%20actual%20working%20version%20that%27s%20a%20click%20away%20from%20going%20live.%20I%27ll%20share%20the%20redesign%20and%20a%20short%20deck%20on%20what%20it%20could%20do%20for%20you%20%E2%80%94%20free%20to%20look%2C%20zero%20pressure.%20Want%20me%20to%20send%20it%20over%3F,,,,,,,,,
ph:+914023319519,Vatsayana Clinic,Medical Clinic,,+914023319519,,,,"CF95+G4C Medinova Compound, Somajiguda, Hyderabad, Telangana 500082, India",Hyderabad,,17.4188031,78.4577579,Monday: Closed; Tuesday: 2:00 – 7:00 PM; Wednesday: 2:00 – 8:00 PM; Thursday: 2:00 – 8:00 PM; Friday: 2:00 – 8:00 PM; Saturday: 2:00 – 8:00 PM; Sunday: 2:00 – 6:00 PM,False,,none,4.3,25,,,google_places,https://www.google.com/maps/place/?q=place_id:ChIJI-OYNkmXyzsRwHyDi0urFQk,ChIJI-OYNkmXyzsRwHyDi0urFQk,85,HOT,2026-07-27T16:30:59.296863,2026-08-26T16:30:59.296863,new,False,,,"MSG: Hi! This is Taarush, I run TK Vibes, a small web studio. I was actually looking up medical clinics in Hyderabad last week and Vatsayana Clinic kept coming up with great reviews — but I couldn't find a website, which honestly surprised me. So I went ahead and built a sample one for you. It's real, it's ready, and it's genuinely just a click away from going live. I'll send over the sample site and a short deck showing what it could do for you — no charge to look, no pressure. Would you like to see it?",call,,,,,,,,,,
ph:+918106266499,Aditya Heart and Wellness Clinics,Medical Clinic,,+918106266499,,,,"6-3-609/117, beside Dayanand Public School, Anand Nagar Colony, Khairtabad, Hyderabad, Telangana 500004, India",Hyderabad,,17.4115202,78.4554051,Monday: 8:00 AM – 9:00 PM; Tuesday: 8:00 AM – 9:00 PM; Wednesday: 8:00 AM – 9:00 PM; Thursday: 8:00 AM – 9:00 PM; Friday: 8:00 AM – 9:00 PM; Saturday: 8:00 AM – 9:00 PM; Sunday: 8:00 AM – 9:00 PM,False,,none,4.8,138,,,google_places,https://www.google.com/maps/place/?q=place_id:ChIJryXR_kaXyzsRlsG7jgH7hq8,ChIJryXR_kaXyzsRlsG7jgH7hq8,85,HOT,2026-07-27T16:31:00.030472,2026-08-26T16:31:00.030472,new,False,,,"MSG: Hi! This is Taarush, I run TK Vibes, a small web studio. I was actually looking up medical clinics in Hyderabad last week and Aditya Heart and Wellness Clinics kept coming up with great reviews — but I couldn't find a website, which honestly surprised me. So I went ahead and built a sample one for you. It's real, it's ready, and it's genuinely just a click away from going live. I'll send over the sample site and a short deck showing what it could do for you — no charge to look, no pressure. Would you like to see it?",whatsapp,https://wa.me/918106266499?text=Hi%21%20This%20is%20Taarush%2C%20I%20run%20TK%20Vibes%2C%20a%20small%20web%20studio.%20I%20was%20actually%20looking%20up%20medical%20clinics%20in%20Hyderabad%20last%20week%20and%20Aditya%20Heart%20and%20Wellness%20Clinics%20kept%20coming%20up%20with%20great%20reviews%20%E2%80%94%20but%20I%20couldn%27t%20find%20a%20website%2C%20which%20honestly%20surprised%20me.%20So%20I%20went%20ahead%20and%20built%20a%20sample%20one%20for%20you.%20It%27s%20real%2C%20it%27s%20ready%2C%20and%20it%27s%20genuinely%20just%20a%20click%20away%20from%20going%20live.%20I%27ll%20send%20over%20the%20sample%20site%20and%20a%20short%20deck%20showing%20what%20it%20could%20do%20for%20you%20%E2%80%94%20no%20charge%20to%20look%2C%20no%20pressure.%20Would%20you%20like%20to%20see%20it%3F,,,,,,,,,
ph:+919848403942,Health care clinic (Dr. Muzammil Ahmed),Medical Clinic,,+919848403942,,,,"Shop no 4, 17-1-142/B, CRIDA Rd, Banu Nagar, Santosh Nagar, Hyderabad, Telangana 500059, India",Hyderabad,,17.3502676,78.5022215,"Monday: 11:00 AM – 2:00 PM, 7:30 – 11:00 PM; Tuesday: 11:00 AM – 2:00 PM, 7:30 – 11:00 PM; Wednesday: 11:00 AM – 2:00 PM, 7:30 – 11:00 PM; Thursday: 11:00 AM – 2:00 PM, 7:30 – 11:00 PM; Friday: 7:30 – 11:00 PM; Saturday: 11:00 AM – 2:00 PM, 7:30 – 11:00 PM; Sunday: Closed",False,,none,4.8,26,,,google_places,https://www.google.com/maps/place/?q=place_id:ChIJhz5-KpaZyzsRaK_OyV-De3s,ChIJhz5-KpaZyzsRaK_OyV-De3s,85,HOT,2026-07-27T16:31:00.030472,2026-08-26T16:31:00.030472,new,False,,,"MSG: Hi! This is Taarush, I run TK Vibes, a small web studio. I was actually looking up medical clinics in Hyderabad last week and Health care clinic kept coming up with great reviews — but I couldn't find a website, which honestly surprised me. So I went ahead and built a sample one for you. It's real, it's ready, and it's genuinely just a click away from going live. I'll send over the sample site and a short deck showing what it could do for you — no charge to look, no pressure. Would you like to see it?",whatsapp,https://wa.me/919848403942?text=Hi%21%20This%20is%20Taarush%2C%20I%20run%20TK%20Vibes%2C%20a%20small%20web%20studio.%20I%20was%20actually%20looking%20up%20medical%20clinics%20in%20Hyderabad%20last%20week%20and%20Health%20care%20clinic%20kept%20coming%20up%20with%20great%20reviews%20%E2%80%94%20but%20I%20couldn%27t%20find%20a%20website%2C%20which%20honestly%20surprised%20me.%20So%20I%20went%20ahead%20and%20built%20a%20sample%20one%20for%20you.%20It%27s%20real%2C%20it%27s%20ready%2C%20and%20it%27s%20genuinely%20just%20a%20click%20away%20from%20going%20live.%20I%27ll%20send%20over%20the%20sample%20site%20and%20a%20short%20deck%20showing%20what%20it%20could%20do%20for%20you%20%E2%80%94%20no%20charge%20to%20look%2C%20no%20pressure.%20Would%20you%20like%20to%20see%20it%3F,,,,,,,,,
ph:+919391122022,Health Medicals,Medical Center,,+919391122022,,,,"6-3-662/6, Punjagutta, beside Red Rose Restaurant, Sangeet Nagar, Somajiguda, Hyderabad, Telangana 500082, India",Hyderabad,,17.4214063,78.4560229,Monday: 9:30 AM – 11:00 PM; Tuesday: 9:30 AM – 11:00 PM; Wednesday: 9:30 AM – 11:00 PM; Thursday: 9:30 AM – 11:00 PM; Friday: 9:30 AM – 11:00 PM; Saturday: 9:30 AM – 11:00 PM; Sunday: 9:30 AM – 11:00 PM,False,,none,4.3,17,,,google_places,https://www.google.com/maps/place/?q=place_id:ChIJnXIYz0uXyzsR36gX4KElYJg,ChIJnXIYz0uXyzsR36gX4KElYJg,85,HOT,2026-07-27T16:31:00.031476,2026-08-26T16:31:00.031476,new,False,,,"MSG: Hi! This is Taarush, I run TK Vibes, a small web studio. I was actually looking up medical centers in Hyderabad last week and Health Medicals kept coming up with great reviews — but I couldn't find a website, which honestly surprised me. So I went ahead and built a sample one for you. It's real, it's ready, and it's genuinely just a click away from going live. I'll send over the sample site and a short deck showing what it could do for you — no charge to look, no pressure. Would you like to see it?",whatsapp,https://wa.me/919391122022?text=Hi%21%20This%20is%20Taarush%2C%20I%20run%20TK%20Vibes%2C%20a%20small%20web%20studio.%20I%20was%20actually%20looking%20up%20medical%20centers%20in%20Hyderabad%20last%20week%20and%20Health%20Medicals%20kept%20coming%20up%20with%20great%20reviews%20%E2%80%94%20but%20I%20couldn%27t%20find%20a%20website%2C%20which%20honestly%20surprised%20me.%20So%20I%20went%20ahead%20and%20built%20a%20sample%20one%20for%20you.%20It%27s%20real%2C%20it%27s%20ready%2C%20and%20it%27s%20genuinely%20just%20a%20click%20away%20from%20going%20live.%20I%27ll%20send%20over%20the%20sample%20site%20and%20a%20short%20deck%20showing%20what%20it%20could%20do%20for%20you%20%E2%80%94%20no%20charge%20to%20look%2C%20no%20pressure.%20Would%20you%20like%20to%20see%20it%3F,,,,,,,,,
ph:+919603155144,BANDI GANESH ADVOCATE,Attorney,,+919603155144,,,,"Central Court Apartments, Flat 204, B block, Raj Bhavan Rd, Durga Nagar Colony, Somajiguda, Hyderabad, Telangana 500082, India",Hyderabad,,17.4258633,78.4569829,Monday: Open 24 hours; Tuesday: Open 24 hours; Wednesday: Open 24 hours; Thursday: Open 24 hours; Friday: Open 24 hours; Saturday: Open 24 hours; Sunday: Open 24 hours,False,,none,4.8,115,,,google_places,https://www.google.com/maps/place/?q=place_id:ChIJS65m1yiXyzsRuSePlEs4Ow0,ChIJS65m1yiXyzsRuSePlEs4Ow0,85,HOT,2026-07-27T16:31:00.725826,2026-08-26T16:31:00.725826,new,False,,,"MSG: Hi! This is Taarush, I run TK Vibes, a small web studio. I was actually looking up attorneys in Hyderabad last week and BANDI GANESH ADVOCATE kept coming up with great reviews — but I couldn't find a website, which honestly surprised me. So I went ahead and built a sample one for you. It's real, it's ready, and it's genuinely just a click away from going live. I'll send over the sample site and a short deck showing what it could do for you — no charge to look, no pressure. Would you like to see it?",whatsapp,https://wa.me/919603155144?text=Hi%21%20This%20is%20Taarush%2C%20I%20run%20TK%20Vibes%2C%20a%20small%20web%20studio.%20I%20was%20actually%20looking%20up%20attorneys%20in%20Hyderabad%20last%20week%20and%20BANDI%20GANESH%20ADVOCATE%20kept%20coming%20up%20with%20great%20reviews%20%E2%80%94%20but%20I%20couldn%27t%20find%20a%20website%2C%20which%20honestly%20surprised%20me.%20So%20I%20went%20ahead%20and%20built%20a%20sample%20one%20for%20you.%20It%27s%20real%2C%20it%27s%20ready%2C%20and%20it%27s%20genuinely%20just%20a%20click%20away%20from%20going%20live.%20I%27ll%20send%20over%20the%20sample%20site%20and%20a%20short%20deck%20showing%20what%20it%20could%20do%20for%20you%20%E2%80%94%20no%20charge%20to%20look%2C%20no%20pressure.%20Would%20you%20like%20to%20see%20it%3F,,,,,,,,,
ph:+919603550308,"Advocate Amruth Kumar B.com, MBA, LLB Hyderabad",Attorney,,+919603550308,,,,"Qtr No. 140, New MLA Quarters, Adarsh Nagar, Hyderabad, Telangana 500063, India",Hyderabad,,17.4051082,78.4742848,Monday: Open 24 hours; Tuesday: Open 24 hours; Wednesday: Open 24 hours; Thursday: Open 24 hours; Friday: Open 24 hours; Saturday: Open 24 hours; Sunday: Open 24 hours,False,,none,5.0,18,,,google_places,https://www.google.com/maps/place/?q=place_id:ChIJ8Waw0XGXyzsRNpiPQx9pmf8,ChIJ8Waw0XGXyzsRNpiPQx9pmf8,85,HOT,2026-07-27T16:31:00.725826,2026-08-26T16:31:00.725826,new,False,,,"MSG: Hi! This is Taarush, I run TK Vibes, a small web studio. I was actually looking up attorneys in Hyderabad last week and Advocate Amruth Kumar B.com, MBA, LLB Hyderabad kept coming up with great reviews — but I couldn't find a website, which honestly surprised me. So I went ahead and built a sample one for you. It's real, it's ready, and it's genuinely just a click away from going live. I'll send over the sample site and a short deck showing what it could do for you — no charge to look, no pressure. Would you like to see it?",whatsapp,https://wa.me/919603550308?text=Hi%21%20This%20is%20Taarush%2C%20I%20run%20TK%20Vibes%2C%20a%20small%20web%20studio.%20I%20was%20actually%20looking%20up%20attorneys%20in%20Hyderabad%20last%20week%20and%20Advocate%20Amruth%20Kumar%20B.com%2C%20MBA%2C%20LLB%20Hyderabad%20kept%20coming%20up%20with%20great%20reviews%20%E2%80%94%20but%20I%20couldn%27t%20find%20a%20website%2C%20which%20honestly%20surprised%20me.%20So%20I%20went%20ahead%20and%20built%20a%20sample%20one%20for%20you.%20It%27s%20real%2C%20it%27s%20ready%2C%20and%20it%27s%20genuinely%20just%20a%20click%20away%20from%20going%20live.%20I%27ll%20send%20over%20the%20sample%20site%20and%20a%20short%20deck%20showing%20what%20it%20could%20do%20for%20you%20%E2%80%94%20no%20charge%20to%20look%2C%20no%20pressure.%20Would%20you%20like%20to%20see%20it%3F,,,,,,,,,
ph:+918341629281,JURIS LEGAL SERVICES,Attorney,,+918341629281,,,,"9-4-18/6/A/1, Tolichowki X-Road, MD Lines Rd, BalReddy Nagar, Toli Chowki, Hyderabad, Telangana 500008, India",Hyderabad,,17.3982291,78.4167977,"Monday: 11:30 AM – 12:30 PM, 6:30 – 11:30 PM; Tuesday: 11:30 AM – 12:30 PM, 6:30 – 11:30 PM; Wednesday: 11:30 AM – 12:30 PM, 6:30 – 11:30 PM; Thursday: 11:30 AM – 12:30 PM, 6:30 – 11:30 PM; Friday: 11:30 AM – 12:30 PM, 6:30 – 11:30 PM; Saturday: 11:30 AM – 12:30 PM, 6:30 – 11:30 PM; Sunday: 11:30 AM – 12:30 PM, 6:30 – 11:30 PM",False,,none,4.8,118,,,google_places,https://www.google.com/maps/place/?q=place_id:ChIJEVhLWeiWyzsRcM94UcEaBxE,ChIJEVhLWeiWyzsRcM94UcEaBxE,85,HOT,2026-07-27T16:31:00.725826,2026-08-26T16:31:00.725826,new,False,,,"MSG: Hi! This is Taarush, I run TK Vibes, a small web studio. I was actually looking up attorneys in Hyderabad last week and JURIS LEGAL SERVICES kept coming up with great reviews — but I couldn't find a website, which honestly surprised me. So I went ahead and built a sample one for you. It's real, it's ready, and it's genuinely just a click away from going live. I'll send over the sample site and a short deck showing what it could do for you — no charge to look, no pressure. Would you like to see it?",whatsapp,https://wa.me/918341629281?text=Hi%21%20This%20is%20Taarush%2C%20I%20run%20TK%20Vibes%2C%20a%20small%20web%20studio.%20I%20was%20actually%20looking%20up%20attorneys%20in%20Hyderabad%20last%20week%20and%20JURIS%20LEGAL%20SERVICES%20kept%20coming%20up%20with%20great%20reviews%20%E2%80%94%20but%20I%20couldn%27t%20find%20a%20website%2C%20which%20honestly%20surprised%20me.%20So%20I%20went%20ahead%20and%20built%20a%20sample%20one%20for%20you.%20It%27s%20real%2C%20it%27s%20ready%2C%20and%20it%27s%20genuinely%20just%20a%20click%20away%20from%20going%20live.%20I%27ll%20send%20over%20the%20sample%20site%20and%20a%20short%20deck%20showing%20what%20it%20could%20do%20for%20you%20%E2%80%94%20no%20charge%20to%20look%2C%20no%20pressure.%20Would%20you%20like%20to%20see%20it%3F,,,,,,,,,
ph:+919553855106,G. Eshwar kumar Advocate,Attorney,,+919553855106,,,,"Flat No. 101, Sri Laxmi Plaza, HNo. 1-7-1002/23, Ramnagar 'x' Road, Musheerabad, Ramnagar, Hyderabad, Telangana 500020, India",Hyderabad,,17.4106196,78.5068859,Monday: Open 24 hours; Tuesday: 9:00 AM – 8:30 PM; Wednesday: 9:00 AM – 8:30 PM; Thursday: 9:00 AM – 8:30 PM; Friday: 9:00 AM – 8:30 PM; Saturday: 10:30 AM – 8:30 PM; Sunday: 11:00 AM – 2:00 PM,False,,none,4.8,36,,,google_places,https://www.google.com/maps/place/?q=place_id:ChIJGwoBuV2ZyzsRLkta2xhgoWI,ChIJGwoBuV2ZyzsRLkta2xhgoWI,85,HOT,2026-07-27T16:31:02.160093,2026-08-26T16:31:02.160093,new,False,,,"MSG: Hi! This is Taarush, I run TK Vibes, a small web studio. I was actually looking up attorneys in Hyderabad last week and G. Eshwar kumar Advocate kept coming up with great reviews — but I couldn't find a website, which honestly surprised me. So I went ahead and built a sample one for you. It's real, it's ready, and it's genuinely just a click away from going live. I'll send over the sample site and a short deck showing what it could do for you — no charge to look, no pressure. Would you like to see it?",whatsapp,https://wa.me/919553855106?text=Hi%21%20This%20is%20Taarush%2C%20I%20run%20TK%20Vibes%2C%20a%20small%20web%20studio.%20I%20was%20actually%20looking%20up%20attorneys%20in%20Hyderabad%20last%20week%20and%20G.%20Eshwar%20kumar%20Advocate%20kept%20coming%20up%20with%20great%20reviews%20%E2%80%94%20but%20I%20couldn%27t%20find%20a%20website%2C%20which%20honestly%20surprised%20me.%20So%20I%20went%20ahead%20and%20built%20a%20sample%20one%20for%20you.%20It%27s%20real%2C%20it%27s%20ready%2C%20and%20it%27s%20genuinely%20just%20a%20click%20away%20from%20going%20live.%20I%27ll%20send%20over%20the%20sample%20site%20and%20a%20short%20deck%20showing%20what%20it%20could%20do%20for%20you%20%E2%80%94%20no%20charge%20to%20look%2C%20no%20pressure.%20Would%20you%20like%20to%20see%20it%3F,,,,,,,,,
ph:+918074369328,Pet shine clinic,Veterinary Care,,+918074369328,,,,"Door No.3-6-280, A/1, road, adj. to New Naveen pet needs, Old MLA Quarters, AP State Housing Board, Himayatnagar, Hyderabad, Telangana 500029, India",Hyderabad,,17.3978137,78.4838259,Monday: 6:00 AM – 12:30 AM; Tuesday: 6:00 AM – 12:30 AM; Wednesday: 6:00 AM – 12:30 AM; Thursday: 6:00 AM – 12:30 AM; Friday: 6:00 AM – 12:30 AM; Saturday: 6:00 AM – 12:30 AM; Sunday: 6:00 AM – 12:30 AM,False,,none,4.7,829,,,google_places,https://www.google.com/maps/place/?q=place_id:ChIJef2Zgh2ZyzsRN0fkQku2bJY,ChIJef2Zgh2ZyzsRN0fkQku2bJY,85,HOT,2026-07-27T16:31:02.836801,2026-08-26T16:31:02.836801,new,False,,,"MSG: Hi! This is Taarush, I run TK Vibes, a small web studio. I was actually looking up veterinary cares in Hyderabad last week and Pet shine clinic kept coming up with great reviews — but I couldn't find a website, which honestly surprised me. So I went ahead and built a sample one for you. It's real, it's ready, and it's genuinely just a click away from going live. I'll send over the sample site and a short deck showing what it could do for you — no charge to look, no pressure. Would you like to see it?",whatsapp,https://wa.me/918074369328?text=Hi%21%20This%20is%20Taarush%2C%20I%20run%20TK%20Vibes%2C%20a%20small%20web%20studio.%20I%20was%20actually%20looking%20up%20veterinary%20cares%20in%20Hyderabad%20last%20week%20and%20Pet%20shine%20clinic%20kept%20coming%20up%20with%20great%20reviews%20%E2%80%94%20but%20I%20couldn%27t%20find%20a%20website%2C%20which%20honestly%20surprised%20me.%20So%20I%20went%20ahead%20and%20built%20a%20sample%20one%20for%20you.%20It%27s%20real%2C%20it%27s%20ready%2C%20and%20it%27s%20genuinely%20just%20a%20click%20away%20from%20going%20live.%20I%27ll%20send%20over%20the%20sample%20site%20and%20a%20short%20deck%20showing%20what%20it%20could%20do%20for%20you%20%E2%80%94%20no%20charge%20to%20look%2C%20no%20pressure.%20Would%20you%20like%20to%20see%20it%3F,,,,,,,,,
ph:+918121036009,ADITYA PET CLINIC,Veterinary Care,,+918121036009,,,,"Swamy theatre line, opp. Toyota showroom, Alwyn Housing Colony, Sanath Nagar, Hyderabad, Telangana 500018, India",Hyderabad,,17.4551849,78.4438111,Monday: Open 24 hours; Tuesday: Open 24 hours; Wednesday: Open 24 hours; Thursday: Open 24 hours; Friday: Open 24 hours; Saturday: Open 24 hours; Sunday: Open 24 hours,False,,none,4.9,442,,,google_places,https://www.google.com/maps/place/?q=place_id:ChIJfwUFg5qRyzsRe4zp_5mZ3eA,ChIJfwUFg5qRyzsRe4zp_5mZ3eA,85,HOT,2026-07-27T16:31:02.836801,2026-08-26T16:31:02.836801,new,False,,,"MSG: Hi! This is Taarush, I run TK Vibes, a small web studio. I was actually looking up veterinary cares in Hyderabad last week and ADITYA PET CLINIC kept coming up with great reviews — but I couldn't find a website, which honestly surprised me. So I went ahead and built a sample one for you. It's real, it's ready, and it's genuinely just a click away from going live. I'll send over the sample site and a short deck showing what it could do for you — no charge to look, no pressure. Would you like to see it?",whatsapp,https://wa.me/918121036009?text=Hi%21%20This%20is%20Taarush%2C%20I%20run%20TK%20Vibes%2C%20a%20small%20web%20studio.%20I%20was%20actually%20looking%20up%20veterinary%20cares%20in%20Hyderabad%20last%20week%20and%20ADITYA%20PET%20CLINIC%20kept%20coming%20up%20with%20great%20reviews%20%E2%80%94%20but%20I%20couldn%27t%20find%20a%20website%2C%20which%20honestly%20surprised%20me.%20So%20I%20went%20ahead%20and%20built%20a%20sample%20one%20for%20you.%20It%27s%20real%2C%20it%27s%20ready%2C%20and%20it%27s%20genuinely%20just%20a%20click%20away%20from%20going%20live.%20I%27ll%20send%20over%20the%20sample%20site%20and%20a%20short%20deck%20showing%20what%20it%20could%20do%20for%20you%20%E2%80%94%20no%20charge%20to%20look%2C%20no%20pressure.%20Would%20you%20like%20to%20see%20it%3F,,,,,,,,,
ph:+917989616830,Shiwalik Pet Clinic,Veterinary Care,,+917989616830,,,,"Shivam Rd, beside Lingala Gadda Temple, Tirumala Enclave, New Nallakunta, Hyderabad, Telangana 500044, India",Hyderabad,,17.3957147,78.5111885,Monday: Open 24 hours; Tuesday: Open 24 hours; Wednesday: Open 24 hours; Thursday: Open 24 hours; Friday: Open 24 hours; Saturday: Open 24 hours; Sunday: Open 24 hours,False,,none,5.0,60,,,google_places,https://www.google.com/maps/place/?q=place_id:ChIJA2fMFwCZyzsREFNG9OIul9E,ChIJA2fMFwCZyzsREFNG9OIul9E,85,HOT,2026-07-27T16:31:02.836801,2026-08-26T16:31:02.836801,new,False,,,"MSG: Hi! This is Taarush, I run TK Vibes, a small web studio. I was actually looking up veterinary cares in Hyderabad last week and Shiwalik Pet Clinic kept coming up with great reviews — but I couldn't find a website, which honestly surprised me. So I went ahead and built a sample one for you. It's real, it's ready, and it's genuinely just a click away from going live. I'll send over the sample site and a short deck showing what it could do for you — no charge to look, no pressure. Would you like to see it?",whatsapp,https://wa.me/917989616830?text=Hi%21%20This%20is%20Taarush%2C%20I%20run%20TK%20Vibes%2C%20a%20small%20web%20studio.%20I%20was%20actually%20looking%20up%20veterinary%20cares%20in%20Hyderabad%20last%20week%20and%20Shiwalik%20Pet%20Clinic%20kept%20coming%20up%20with%20great%20reviews%20%E2%80%94%20but%20I%20couldn%27t%20find%20a%20website%2C%20which%20honestly%20surprised%20me.%20So%20I%20went%20ahead%20and%20built%20a%20sample%20one%20for%20you.%20It%27s%20real%2C%20it%27s%20ready%2C%20and%20it%27s%20genuinely%20just%20a%20click%20away%20from%20going%20live.%20I%27ll%20send%20over%20the%20sample%20site%20and%20a%20short%20deck%20showing%20what%20it%20could%20do%20for%20you%20%E2%80%94%20no%20charge%20to%20look%2C%20no%20pressure.%20Would%20you%20like%20to%20see%20it%3F,,,,,,,,,
ph:+919963485054,Pet Park Clinic,Veterinary Care,,+919963485054,,,,"H.No.1-10-52/ABC, Hyderabad, Old Patigadda, Chikoti Gardens, Begumpet, Hyderabad, Telangana 500016, India",Hyderabad,,17.4427596,78.4655276,Monday: 10:00 AM – 8:30 PM; Tuesday: 10:00 AM – 8:30 PM; Wednesday: 10:00 AM – 8:30 PM; Thursday: 10:00 AM – 8:30 PM; Friday: 10:00 AM – 8:30 PM; Saturday: 10:00 AM – 8:30 PM; Sunday: 10:00 AM – 1:00 PM,False,,none,4.6,471,,,google_places,https://www.google.com/maps/place/?q=place_id:ChIJLbHt7KSQyzsRkP-c1Yu-cyk,ChIJLbHt7KSQyzsRkP-c1Yu-cyk,85,HOT,2026-07-27T16:31:02.836801,2026-08-26T16:31:02.836801,new,False,,,"MSG: Hi! This is Taarush, I run TK Vibes, a small web studio. I was actually looking up veterinary cares in Hyderabad last week and Pet Park Clinic kept coming up with great reviews — but I couldn't find a website, which honestly surprised me. So I went ahead and built a sample one for you. It's real, it's ready, and it's genuinely just a click away from going live. I'll send over the sample site and a short deck showing what it could do for you — no charge to look, no pressure. Would you like to see it?",whatsapp,https://wa.me/919963485054?text=Hi%21%20This%20is%20Taarush%2C%20I%20run%20TK%20Vibes%2C%20a%20small%20web%20studio.%20I%20was%20actually%20looking%20up%20veterinary%20cares%20in%20Hyderabad%20last%20week%20and%20Pet%20Park%20Clinic%20kept%20coming%20up%20with%20great%20reviews%20%E2%80%94%20but%20I%20couldn%27t%20find%20a%20website%2C%20which%20honestly%20surprised%20me.%20So%20I%20went%20ahead%20and%20built%20a%20sample%20one%20for%20you.%20It%27s%20real%2C%20it%27s%20ready%2C%20and%20it%27s%20genuinely%20just%20a%20click%20away%20from%20going%20live.%20I%27ll%20send%20over%20the%20sample%20site%20and%20a%20short%20deck%20showing%20what%20it%20could%20do%20for%20you%20%E2%80%94%20no%20charge%20to%20look%2C%20no%20pressure.%20Would%20you%20like%20to%20see%20it%3F,,,,,,,,,
ph:+918179388179,Vet Spot The Animal Hospital-Emergency service Regular body checkup Deworming - Surgeries -Critical care unit-Tick bathing,Veterinary Care,,+918179388179,,,,"3-8, 3-8/1, Plot No, 471Vivekananda nagar, Vivekananda Nagar, Kukatpally, Hyderabad, Telangana 500072, India",Hyderabad,,17.4956426,78.4123359,Monday: Open 24 hours; Tuesday: Open 24 hours; Wednesday: Open 24 hours; Thursday: Open 24 hours; Friday: Open 24 hours; Saturday: Open 24 hours; Sunday: Open 24 hours,False,,none,4.6,478,,,google_places,https://www.google.com/maps/place/?q=place_id:ChIJcweVWDaRyzsRXPYMcT6ol4g,ChIJcweVWDaRyzsRXPYMcT6ol4g,85,HOT,2026-07-27T16:31:03.457394,2026-08-26T16:31:03.457394,new,False,,,"MSG: Hi! This is Taarush, I run TK Vibes, a small web studio. I was actually looking up veterinary cares in Hyderabad last week and Vet Spot The Animal Hospital-Emergency service Regular body checkup Deworming kept coming up with great reviews — but I couldn't find a website, which honestly surprised me. So I went ahead and built a sample one for you. It's real, it's ready, and it's genuinely just a click away from going live. I'll send over the sample site and a short deck showing what it could do for you — no charge to look, no pressure. Would you like to see it?",whatsapp,https://wa.me/918179388179?text=Hi%21%20This%20is%20Taarush%2C%20I%20run%20TK%20Vibes%2C%20a%20small%20web%20studio.%20I%20was%20actually%20looking%20up%20veterinary%20cares%20in%20Hyderabad%20last%20week%20and%20Vet%20Spot%20The%20Animal%20Hospital-Emergency%20service%20Regular%20body%20checkup%20Deworming%20kept%20coming%20up%20with%20great%20reviews%20%E2%80%94%20but%20I%20couldn%27t%20find%20a%20website%2C%20which%20honestly%20surprised%20me.%20So%20I%20went%20ahead%20and%20built%20a%20sample%20one%20for%20you.%20It%27s%20real%2C%20it%27s%20ready%2C%20and%20it%27s%20genuinely%20just%20a%20click%20away%20from%20going%20live.%20I%27ll%20send%20over%20the%20sample%20site%20and%20a%20short%20deck%20showing%20what%20it%20could%20do%20for%20you%20%E2%80%94%20no%20charge%20to%20look%2C%20no%20pressure.%20Would%20you%20like%20to%20see%20it%3F,,,,,,,,,
ph:+918297397702,Cornerstone Pet Clinic,Veterinary Care,,+918297397702,,,,"Ground floor, Sri Sampada Arcade-1 Behind Andhra Bank/UBI Khajaguda, Madhura Nagar Colony, Gachibowli, Rai Durg, Hyderabad, Telangana 500104, India",Hyderabad,,17.4196604,78.3749908,Monday: 9:30 AM – 12:00 AM; Tuesday: 9:30 AM – 12:00 AM; Wednesday: 9:30 AM – 12:00 AM; Thursday: 9:30 AM – 12:00 AM; Friday: 9:30 AM – 12:00 AM; Saturday: 9:30 AM – 12:00 AM; Sunday: 9:30 AM – 12:00 AM,False,,none,4.3,501,,,google_places,https://www.google.com/maps/place/?q=place_id:ChIJEU44TSaXyzsRt6CIXf1KM_4,ChIJEU44TSaXyzsRt6CIXf1KM_4,85,HOT,2026-07-27T16:31:03.457394,2026-08-26T16:31:03.457394,new,False,,,"MSG: Hi! This is Taarush, I run TK Vibes, a small web studio. I was actually looking up veterinary cares in Hyderabad last week and Cornerstone Pet Clinic kept coming up with great reviews — but I couldn't find a website, which honestly surprised me. So I went ahead and built a sample one for you. It's real, it's ready, and it's genuinely just a click away from going live. I'll send over the sample site and a short deck showing what it could do for you — no charge to look, no pressure. Would you like to see it?",whatsapp,https://wa.me/918297397702?text=Hi%21%20This%20is%20Taarush%2C%20I%20run%20TK%20Vibes%2C%20a%20small%20web%20studio.%20I%20was%20actually%20looking%20up%20veterinary%20cares%20in%20Hyderabad%20last%20week%20and%20Cornerstone%20Pet%20Clinic%20kept%20coming%20up%20with%20great%20reviews%20%E2%80%94%20but%20I%20couldn%27t%20find%20a%20website%2C%20which%20honestly%20surprised%20me.%20So%20I%20went%20ahead%20and%20built%20a%20sample%20one%20for%20you.%20It%27s%20real%2C%20it%27s%20ready%2C%20and%20it%27s%20genuinely%20just%20a%20click%20away%20from%20going%20live.%20I%27ll%20send%20over%20the%20sample%20site%20and%20a%20short%20deck%20showing%20what%20it%20could%20do%20for%20you%20%E2%80%94%20no%20charge%20to%20look%2C%20no%20pressure.%20Would%20you%20like%20to%20see%20it%3F,,,,,,,,,
ph:+914023356171,Canfel Pet Clinic,Veterinary Care,,+914023356171,,,,"74, Nagarjuna Hills Rd, Mothi Nagar, Nagarjuna Hills, Punjagutta, Hyderabad, Telangana 500082, India",Hyderabad,,17.4264512,78.4487373,Monday: 10:00 AM – 7:00 PM; Tuesday: 10:00 AM – 7:00 PM; Wednesday: 10:00 AM – 7:00 PM; Thursday: 10:00 AM – 7:00 PM; Friday: 10:00 AM – 7:00 PM; Saturday: 10:00 AM – 7:00 PM; Sunday: 11:00 AM – 2:00 PM,False,,none,4.4,1159,,,google_places,https://www.google.com/maps/place/?q=place_id:ChIJQWNcMMuQyzsRCEEpd-9zDgU,ChIJQWNcMMuQyzsRCEEpd-9zDgU,85,HOT,2026-07-27T16:31:03.457394,2026-08-26T16:31:03.457394,new,False,,,"MSG: Hi! This is Taarush, I run TK Vibes, a small web studio. I was actually looking up veterinary cares in Hyderabad last week and Canfel Pet Clinic kept coming up with great reviews — but I couldn't find a website, which honestly surprised me. So I went ahead and built a sample one for you. It's real, it's ready, and it's genuinely just a click away from going live. I'll send over the sample site and a short deck showing what it could do for you — no charge to look, no pressure. Would you like to see it?",call,,,,,,,,,,
ph:+919989510598,UKM VET HOSPITAL,Veterinary Care,,+919989510598,,,,"SARAA PRIDE, 7 Tombs Rd, near Azaan International School, Jamali Kunta, Aravind Nagar Colony, Toli Chowki, Hyderabad, Telangana 500008, India",Hyderabad,,17.3989535,78.4059969,Monday: Open 24 hours; Tuesday: Open 24 hours; Wednesday: Open 24 hours; Thursday: Open 24 hours; Friday: Open 24 hours; Saturday: Open 24 hours; Sunday: Open 24 hours,False,,none,4.9,161,,,google_places,https://www.google.com/maps/place/?q=place_id:ChIJ-x66k-iXyzsRLSM7z2j2x_E,ChIJ-x66k-iXyzsRLSM7z2j2x_E,85,HOT,2026-07-27T16:31:03.457394,2026-08-26T16:31:03.457394,new,False,,,"MSG: Hi! This is Taarush, I run TK Vibes, a small web studio. I was actually looking up veterinary cares in Hyderabad last week and UKM VET HOSPITAL kept coming up with great reviews — but I couldn't find a website, which honestly surprised me. So I went ahead and built a sample one for you. It's real, it's ready, and it's genuinely just a click away from going live. I'll send over the sample site and a short deck showing what it could do for you — no charge to look, no pressure. Would you like to see it?",whatsapp,https://wa.me/919989510598?text=Hi%21%20This%20is%20Taarush%2C%20I%20run%20TK%20Vibes%2C%20a%20small%20web%20studio.%20I%20was%20actually%20looking%20up%20veterinary%20cares%20in%20Hyderabad%20last%20week%20and%20UKM%20VET%20HOSPITAL%20kept%20coming%20up%20with%20great%20reviews%20%E2%80%94%20but%20I%20couldn%27t%20find%20a%20website%2C%20which%20honestly%20surprised%20me.%20So%20I%20went%20ahead%20and%20built%20a%20sample%20one%20for%20you.%20It%27s%20real%2C%20it%27s%20ready%2C%20and%20it%27s%20genuinely%20just%20a%20click%20away%20from%20going%20live.%20I%27ll%20send%20over%20the%20sample%20site%20and%20a%20short%20deck%20showing%20what%20it%20could%20do%20for%20you%20%E2%80%94%20no%20charge%20to%20look%2C%20no%20pressure.%20Would%20you%20like%20to%20see%20it%3F,,,,,,,,,
ph:+917989033467,"PULPA'S VETERINARY CLINIC [ Pet Grooming, Pet Accessories, Pet food ,Veterinary Medicine ]",Veterinary Care,,+917989033467,,,,"HIG 466, opposite to MEDPLUS, Kukatpally Housing Board Colony, K P H B Phase 6, Kukatpally, Hyderabad, Telangana 500072, India",Hyderabad,,17.4878922,78.3901347,Monday: 10:00 AM – 10:00 PM; Tuesday: 10:00 AM – 10:00 PM; Wednesday: 10:00 AM – 10:00 PM; Thursday: 10:00 AM – 10:00 PM; Friday: 10:00 AM – 10:00 PM; Saturday: 10:00 AM – 10:00 PM; Sunday: 10:00 AM – 8:00 PM,False,,none,4.7,694,,,google_places,https://www.google.com/maps/place/?q=place_id:ChIJeRqjnZyTyzsR938tmW6-xtA,ChIJeRqjnZyTyzsR938tmW6-xtA,85,HOT,2026-07-27T16:31:04.168271,2026-08-26T16:31:04.168271,new,False,,,"MSG: Hi! This is Taarush, I run TK Vibes, a small web studio. I was actually looking up veterinary cares in Hyderabad last week and PULPA'S VETERINARY CLINIC [ Pet Grooming, Pet Accessories, Pet food ,Veterinary Medicine ] kept coming up with great reviews — but I couldn't find a website, which honestly surprised me. So I went ahead and built a sample one for you. It's real, it's ready, and it's genuinely just a click away from going live. I'll send over the sample site and a short deck showing what it could do for you — no charge to look, no pressure. Would you like to see it?",whatsapp,https://wa.me/917989033467?text=Hi%21%20This%20is%20Taarush%2C%20I%20run%20TK%20Vibes%2C%20a%20small%20web%20studio.%20I%20was%20actually%20looking%20up%20veterinary%20cares%20in%20Hyderabad%20last%20week%20and%20PULPA%27S%20VETERINARY%20CLINIC%20%5B%20Pet%20Grooming%2C%20Pet%20Accessories%2C%20Pet%20food%20%2CVeterinary%20Medicine%20%5D%20kept%20coming%20up%20with%20great%20reviews%20%E2%80%94%20but%20I%20couldn%27t%20find%20a%20website%2C%20which%20honestly%20surprised%20me.%20So%20I%20went%20ahead%20and%20built%20a%20sample%20one%20for%20you.%20It%27s%20real%2C%20it%27s%20ready%2C%20and%20it%27s%20genuinely%20just%20a%20click%20away%20from%20going%20live.%20I%27ll%20send%20over%20the%20sample%20site%20and%20a%20short%20deck%20showing%20what%20it%20could%20do%20for%20you%20%E2%80%94%20no%20charge%20to%20look%2C%20no%20pressure.%20Would%20you%20like%20to%20see%20it%3F,,,,,,,,,
ph:+919704062333,Dr. Aparna Krishnappa - Best Dermatologist In Banjara Hills,Doctor,,+919704062333,,,,"Dr. Aparna Krishnappa, Near Mithila Nagar Park Road No. 12, Mithila Nagar, Banjara Hills, Hyderabad, Telangana 500034, Mithila Nagar, Syed Nagar, Banjara Hills, Hyderabad, Telangana 500033, India",Hyderabad,,17.4066622,78.4365316,Monday: 10:00 AM – 7:30 PM; Tuesday: 10:00 AM – 7:30 PM; Wednesday: 10:00 AM – 7:30 PM; Thursday: 10:00 AM – 7:30 PM; Friday: 10:00 AM – 7:30 PM; Saturday: 10:00 AM – 7:30 PM; Sunday: 10:00 AM – 7:30 PM,False,,none,4.9,81,,,google_places,https://www.google.com/maps/place/?q=place_id:ChIJEUjebSmXyzsRyT1xpy5Q_Mw,ChIJEUjebSmXyzsRyT1xpy5Q_Mw,85,HOT,2026-07-27T16:31:05.927445,2026-08-26T16:31:05.927445,new,False,,,"MSG: Hi! This is Taarush, I run TK Vibes, a small web studio. I was actually looking up doctors in Hyderabad last week and Dr. Aparna Krishnappa kept coming up with great reviews — but I couldn't find a website, which honestly surprised me. So I went ahead and built a sample one for you. It's real, it's ready, and it's genuinely just a click away from going live. I'll send over the sample site and a short deck showing what it could do for you — no charge to look, no pressure. Would you like to see it?",whatsapp,https://wa.me/919704062333?text=Hi%21%20This%20is%20Taarush%2C%20I%20run%20TK%20Vibes%2C%20a%20small%20web%20studio.%20I%20was%20actually%20looking%20up%20doctors%20in%20Hyderabad%20last%20week%20and%20Dr.%20Aparna%20Krishnappa%20kept%20coming%20up%20with%20great%20reviews%20%E2%80%94%20but%20I%20couldn%27t%20find%20a%20website%2C%20which%20honestly%20surprised%20me.%20So%20I%20went%20ahead%20and%20built%20a%20sample%20one%20for%20you.%20It%27s%20real%2C%20it%27s%20ready%2C%20and%20it%27s%20genuinely%20just%20a%20click%20away%20from%20going%20live.%20I%27ll%20send%20over%20the%20sample%20site%20and%20a%20short%20deck%20showing%20what%20it%20could%20do%20for%20you%20%E2%80%94%20no%20charge%20to%20look%2C%20no%20pressure.%20Would%20you%20like%20to%20see%20it%3F,,,,,,,,,
ph:+919493355534,KALYAN PHYSIOTHERAPY & REHABILITATION CENTRE,Medical Clinic,,+919493355534,,,,"1, 1-308-2/b, near jagadamba hospital, VV Giri Nagar, Gandhi Nagar, Kavadiguda, Hyderabad, Telangana 500080, India",Hyderabad,,17.4114577,78.4899816,Monday: Open 24 hours; Tuesday: Open 24 hours; Wednesday: Open 24 hours; Thursday: Open 24 hours; Friday: Open 24 hours; Saturday: Open 24 hours; Sunday: Open 24 hours,False,,none,5.0,84,,,google_places,https://www.google.com/maps/place/?q=place_id:ChIJoW0WCpSZyzsRsnDtiwDU6Gc,ChIJoW0WCpSZyzsRsnDtiwDU6Gc,85,HOT,2026-07-27T16:31:08.501837,2026-08-26T16:31:08.501837,new,False,,,"MSG: Hi! This is Taarush, I run TK Vibes, a small web studio. I was actually looking up medical clinics in Hyderabad last week and KALYAN PHYSIOTHERAPY & REHABILITATION CENTRE kept coming up with great reviews — but I couldn't find a website, which honestly surprised me. So I went ahead and built a sample one for you. It's real, it's ready, and it's genuinely just a click away from going live. I'll send over the sample site and a short deck showing what it could do for you — no charge to look, no pressure. Would you like to see it?",whatsapp,https://wa.me/919493355534?text=Hi%21%20This%20is%20Taarush%2C%20I%20run%20TK%20Vibes%2C%20a%20small%20web%20studio.%20I%20was%20actually%20looking%20up%20medical%20clinics%20in%20Hyderabad%20last%20week%20and%20KALYAN%20PHYSIOTHERAPY%20%26%20REHABILITATION%20CENTRE%20kept%20coming%20up%20with%20great%20reviews%20%E2%80%94%20but%20I%20couldn%27t%20find%20a%20website%2C%20which%20honestly%20surprised%20me.%20So%20I%20went%20ahead%20and%20built%20a%20sample%20one%20for%20you.%20It%27s%20real%2C%20it%27s%20ready%2C%20and%20it%27s%20genuinely%20just%20a%20click%20away%20from%20going%20live.%20I%27ll%20send%20over%20the%20sample%20site%20and%20a%20short%20deck%20showing%20what%20it%20could%20do%20for%20you%20%E2%80%94%20no%20charge%20to%20look%2C%20no%20pressure.%20Would%20you%20like%20to%20see%20it%3F,,,,,,,,,
ph:+919963731573,Sri rama Healing Hastha Physiotherapy and advanced rehabilitation center,Medical Clinic,,+919963731573,,,,"2nd floor, krishna complex, 8-1-284/ou/391, lane, opposite apollo clinic, OU Colony, Shaikpet, Hyderabad, Telangana 500104, India",Hyderabad,,17.4062121,78.3914279,Monday: 9:00 AM – 9:30 PM; Tuesday: 9:00 AM – 9:30 PM; Wednesday: 9:00 AM – 9:30 PM; Thursday: 9:00 AM – 9:30 PM; Friday: 9:00 AM – 9:30 PM; Saturday: 9:00 AM – 9:30 PM; Sunday: 10:00 AM – 2:00 PM,False,,none,4.8,434,,,google_places,https://www.google.com/maps/place/?q=place_id:ChIJD3jrGKSWyzsRgas_3wOd56s,ChIJD3jrGKSWyzsRgas_3wOd56s,85,HOT,2026-07-27T16:31:08.501837,2026-08-26T16:31:08.501837,new,False,,,"MSG: Hi! This is Taarush, I run TK Vibes, a small web studio. I was actually looking up medical clinics in Hyderabad last week and Sri rama Healing Hastha Physiotherapy and advanced rehabilitation center kept coming up with great reviews — but I couldn't find a website, which honestly surprised me. So I went ahead and built a sample one for you. It's real, it's ready, and it's genuinely just a click away from going live. I'll send over the sample site and a short deck showing what it could do for you — no charge to look, no pressure. Would you like to see it?",whatsapp,https://wa.me/919963731573?text=Hi%21%20This%20is%20Taarush%2C%20I%20run%20TK%20Vibes%2C%20a%20small%20web%20studio.%20I%20was%20actually%20looking%20up%20medical%20clinics%20in%20Hyderabad%20last%20week%20and%20Sri%20rama%20Healing%20Hastha%20Physiotherapy%20and%20advanced%20rehabilitation%20center%20kept%20coming%20up%20with%20great%20reviews%20%E2%80%94%20but%20I%20couldn%27t%20find%20a%20website%2C%20which%20honestly%20surprised%20me.%20So%20I%20went%20ahead%20and%20built%20a%20sample%20one%20for%20you.%20It%27s%20real%2C%20it%27s%20ready%2C%20and%20it%27s%20genuinely%20just%20a%20click%20away%20from%20going%20live.%20I%27ll%20send%20over%20the%20sample%20site%20and%20a%20short%20deck%20showing%20what%20it%20could%20do%20for%20you%20%E2%80%94%20no%20charge%20to%20look%2C%20no%20pressure.%20Would%20you%20like%20to%20see%20it%3F,,,,,,,,,
ph:+919391669652,Hema's Children and Newborn Clinic | Dr. Aditya Kumar Verma | Pediatrician and Allergy and Asthma specialist| Hyderabad,Medical Clinic,,+919391669652,,,,"14-10-247, Jhinsi Chowrahi road, near Tulja Bhavani Mata Temple, Jumeraat Bazaar, Chudi Bazaar, Hyderabad, Telangana 500006, India",Hyderabad,,17.3722319,78.4625596,"Monday: 1:30 – 3:00 PM, 6:30 – 10:00 PM; Tuesday: 1:30 – 3:00 PM, 6:30 – 10:00 PM; Wednesday: 1:30 – 3:00 PM, 6:30 – 10:00 PM; Thursday: 1:30 – 3:00 PM, 6:30 – 10:00 PM; Friday: 1:30 – 3:00 PM, 6:30 – 10:00 PM; Saturday: 1:30 – 3:00 PM, 6:30 – 10:00 PM; Sunday: 12:00 – 2:00 PM",False,,none,4.9,142,,,google_places,https://www.google.com/maps/place/?q=place_id:ChIJZSsV6L2XyzsRzi8DAj9foqI,ChIJZSsV6L2XyzsRzi8DAj9foqI,85,HOT,2026-07-27T16:31:09.197751,2026-08-26T16:31:09.197751,new,False,,,"MSG: Hi! This is Taarush, I run TK Vibes, a small web studio. I was actually looking up medical clinics in Hyderabad last week and Hema's Children and Newborn Clinic kept coming up with great reviews — but I couldn't find a website, which honestly surprised me. So I went ahead and built a sample one for you. It's real, it's ready, and it's genuinely just a click away from going live. I'll send over the sample site and a short deck showing what it could do for you — no charge to look, no pressure. Would you like to see it?",whatsapp,https://wa.me/919391669652?text=Hi%21%20This%20is%20Taarush%2C%20I%20run%20TK%20Vibes%2C%20a%20small%20web%20studio.%20I%20was%20actually%20looking%20up%20medical%20clinics%20in%20Hyderabad%20last%20week%20and%20Hema%27s%20Children%20and%20Newborn%20Clinic%20kept%20coming%20up%20with%20great%20reviews%20%E2%80%94%20but%20I%20couldn%27t%20find%20a%20website%2C%20which%20honestly%20surprised%20me.%20So%20I%20went%20ahead%20and%20built%20a%20sample%20one%20for%20you.%20It%27s%20real%2C%20it%27s%20ready%2C%20and%20it%27s%20genuinely%20just%20a%20click%20away%20from%20going%20live.%20I%27ll%20send%20over%20the%20sample%20site%20and%20a%20short%20deck%20showing%20what%20it%20could%20do%20for%20you%20%E2%80%94%20no%20charge%20to%20look%2C%20no%20pressure.%20Would%20you%20like%20to%20see%20it%3F,,,,,,,,,
ph:+917207167382,Minhaj Ul Haq Paediatric Clinic,Doctor,,+917207167382,,,,"H:NO 20-5-646, Asha Talkies Rd, beside Milap juice and food court, near Aam wali masjid, Zohra Colony, Shah Ali Banda, Hyderabad, Telangana 500065, India",Hyderabad,,17.3538406,78.470554,Monday: 3:00 – 11:00 PM; Tuesday: 3:00 – 11:00 PM; Wednesday: 3:00 – 11:00 PM; Thursday: 3:00 – 11:00 PM; Friday: 1:30 AM – 11:00 PM; Saturday: 3:00 – 11:00 PM; Sunday: 7:00 – 10:00 PM,False,,none,5.0,59,,,google_places,https://www.google.com/maps/place/?q=place_id:ChIJuULeWWuXyzsROkqUGMN1BcM,ChIJuULeWWuXyzsROkqUGMN1BcM,85,HOT,2026-07-27T16:31:09.197751,2026-08-26T16:31:09.197751,new,False,,,"MSG: Hi! This is Taarush, I run TK Vibes, a small web studio. I was actually looking up doctors in Hyderabad last week and Minhaj Ul Haq Paediatric Clinic kept coming up with great reviews — but I couldn't find a website, which honestly surprised me. So I went ahead and built a sample one for you. It's real, it's ready, and it's genuinely just a click away from going live. I'll send over the sample site and a short deck showing what it could do for you — no charge to look, no pressure. Would you like to see it?",whatsapp,https://wa.me/917207167382?text=Hi%21%20This%20is%20Taarush%2C%20I%20run%20TK%20Vibes%2C%20a%20small%20web%20studio.%20I%20was%20actually%20looking%20up%20doctors%20in%20Hyderabad%20last%20week%20and%20Minhaj%20Ul%20Haq%20Paediatric%20Clinic%20kept%20coming%20up%20with%20great%20reviews%20%E2%80%94%20but%20I%20couldn%27t%20find%20a%20website%2C%20which%20honestly%20surprised%20me.%20So%20I%20went%20ahead%20and%20built%20a%20sample%20one%20for%20you.%20It%27s%20real%2C%20it%27s%20ready%2C%20and%20it%27s%20genuinely%20just%20a%20click%20away%20from%20going%20live.%20I%27ll%20send%20over%20the%20sample%20site%20and%20a%20short%20deck%20showing%20what%20it%20could%20do%20for%20you%20%E2%80%94%20no%20charge%20to%20look%2C%20no%20pressure.%20Would%20you%20like%20to%20see%20it%3F,,,,,,,,,
ph:+919908560184,Kids First Children's Clinic & Vaccination centre | Dr. Keerti Kulkarni Paediatrician & Newborn specialist in Kokapet,Doctor,,+919908560184,,,,"1st Floor, MN Capital, opp. 7 Hills Apartments, Power Welfare Society, Narsingi, Kokapet, Hyderabad, Telangana 500075, India",Hyderabad,,17.3910224,78.3438006,"Monday: 10:00 AM – 2:00 PM, 5:30 – 8:00 PM; Tuesday: 10:00 AM – 2:00 PM, 5:30 – 8:00 PM; Wednesday: 10:00 AM – 2:00 PM, 5:30 – 8:00 PM; Thursday: 10:00 AM – 2:00 PM, 5:30 – 8:00 PM; Friday: 10:00 AM – 2:00 PM, 5:30 – 8:00 PM; Saturday: 10:00 AM – 2:00 PM, 5:30 – 8:00 PM; Sunday: Closed",False,,none,4.8,350,,,google_places,https://www.google.com/maps/place/?q=place_id:ChIJ84lYgm6VyzsRrcW7WqjCRwQ,ChIJ84lYgm6VyzsRrcW7WqjCRwQ,85,HOT,2026-07-27T16:31:09.197751,2026-08-26T16:31:09.197751,new,False,,,"MSG: Hi! This is Taarush, I run TK Vibes, a small web studio. I was actually looking up doctors in Hyderabad last week and Kids First Children's Clinic & Vaccination centre kept coming up with great reviews — but I couldn't find a website, which honestly surprised me. So I went ahead and built a sample one for you. It's real, it's ready, and it's genuinely just a click away from going live. I'll send over the sample site and a short deck showing what it could do for you — no charge to look, no pressure. Would you like to see it?",whatsapp,https://wa.me/919908560184?text=Hi%21%20This%20is%20Taarush%2C%20I%20run%20TK%20Vibes%2C%20a%20small%20web%20studio.%20I%20was%20actually%20looking%20up%20doctors%20in%20Hyderabad%20last%20week%20and%20Kids%20First%20Children%27s%20Clinic%20%26%20Vaccination%20centre%20kept%20coming%20up%20with%20great%20reviews%20%E2%80%94%20but%20I%20couldn%27t%20find%20a%20website%2C%20which%20honestly%20surprised%20me.%20So%20I%20went%20ahead%20and%20built%20a%20sample%20one%20for%20you.%20It%27s%20real%2C%20it%27s%20ready%2C%20and%20it%27s%20genuinely%20just%20a%20click%20away%20from%20going%20live.%20I%27ll%20send%20over%20the%20sample%20site%20and%20a%20short%20deck%20showing%20what%20it%20could%20do%20for%20you%20%E2%80%94%20no%20charge%20to%20look%2C%20no%20pressure.%20Would%20you%20like%20to%20see%20it%3F,,,,,,,,,
ph:+918143802069,DOVE CHILDREN’S CLINIC,Doctor,,+918143802069,,,,"Beside MJ furnitures Murad nagar, Dattadari Colony, Mehdipatnam, Hyderabad, Telangana 500006, India",Hyderabad,,17.3872353,78.4442224,Monday: 8:00 – 10:30 PM; Tuesday: 8:00 – 10:30 PM; Wednesday: 8:00 – 10:30 PM; Thursday: 8:00 – 10:30 PM; Friday: 8:00 – 10:30 PM; Saturday: 8:00 – 10:30 PM; Sunday: Closed,False,,none,5.0,44,,,google_places,https://www.google.com/maps/place/?q=place_id:ChIJUWJ66CaXyzsRqwfcWampVnc,ChIJUWJ66CaXyzsRqwfcWampVnc,85,HOT,2026-07-27T16:31:09.197751,2026-08-26T16:31:09.197751,new,False,,,"MSG: Hi! This is Taarush, I run TK Vibes, a small web studio. I was actually looking up doctors in Hyderabad last week and DOVE CHILDREN’S CLINIC kept coming up with great reviews — but I couldn't find a website, which honestly surprised me. So I went ahead and built a sample one for you. It's real, it's ready, and it's genuinely just a click away from going live. I'll send over the sample site and a short deck showing what it could do for you — no charge to look, no pressure. Would you like to see it?",whatsapp,https://wa.me/918143802069?text=Hi%21%20This%20is%20Taarush%2C%20I%20run%20TK%20Vibes%2C%20a%20small%20web%20studio.%20I%20was%20actually%20looking%20up%20doctors%20in%20Hyderabad%20last%20week%20and%20DOVE%20CHILDREN%E2%80%99S%20CLINIC%20kept%20coming%20up%20with%20great%20reviews%20%E2%80%94%20but%20I%20couldn%27t%20find%20a%20website%2C%20which%20honestly%20surprised%20me.%20So%20I%20went%20ahead%20and%20built%20a%20sample%20one%20for%20you.%20It%27s%20real%2C%20it%27s%20ready%2C%20and%20it%27s%20genuinely%20just%20a%20click%20away%20from%20going%20live.%20I%27ll%20send%20over%20the%20sample%20site%20and%20a%20short%20deck%20showing%20what%20it%20could%20do%20for%20you%20%E2%80%94%20no%20charge%20to%20look%2C%20no%20pressure.%20Would%20you%20like%20to%20see%20it%3F,,,,,,,,,
ph:+917995916038,Dr. Sanjeev Kumar,Doctor,,+917995916038,,,,"Plot No. 1, Subodaya Luxury Apartments YWCA Road Abids Next building to, Fernandez nursing home, Sultan Bazar, Abids, Hyderabad, Hyderguda, Telangana 500001, India",Hyderabad,,17.3922403,78.4789259,Monday: 8:30 AM – 4:00 PM; Tuesday: Closed; Wednesday: 8:30 AM – 4:00 PM; Thursday: 8:30 AM – 4:00 PM; Friday: 8:30 AM – 4:00 PM; Saturday: 8:30 AM – 4:00 PM; Sunday: Closed,False,,none,4.9,2987,,,google_places,https://www.google.com/maps/place/?q=place_id:ChIJXxtQrX-VyzsRT6E9n92a2ho,ChIJXxtQrX-VyzsRT6E9n92a2ho,85,HOT,2026-07-27T16:31:09.588175,2026-08-26T16:31:09.588175,new,False,,,"MSG: Hi! This is Taarush, I run TK Vibes, a small web studio. I was actually looking up doctors in Hyderabad last week and Dr. Sanjeev Kumar kept coming up with great reviews — but I couldn't find a website, which honestly surprised me. So I went ahead and built a sample one for you. It's real, it's ready, and it's genuinely just a click away from going live. I'll send over the sample site and a short deck showing what it could do for you — no charge to look, no pressure. Would you like to see it?",whatsapp,https://wa.me/917995916038?text=Hi%21%20This%20is%20Taarush%2C%20I%20run%20TK%20Vibes%2C%20a%20small%20web%20studio.%20I%20was%20actually%20looking%20up%20doctors%20in%20Hyderabad%20last%20week%20and%20Dr.%20Sanjeev%20Kumar%20kept%20coming%20up%20with%20great%20reviews%20%E2%80%94%20but%20I%20couldn%27t%20find%20a%20website%2C%20which%20honestly%20surprised%20me.%20So%20I%20went%20ahead%20and%20built%20a%20sample%20one%20for%20you.%20It%27s%20real%2C%20it%27s%20ready%2C%20and%20it%27s%20genuinely%20just%20a%20click%20away%20from%20going%20live.%20I%27ll%20send%20over%20the%20sample%20site%20and%20a%20short%20deck%20showing%20what%20it%20could%20do%20for%20you%20%E2%80%94%20no%20charge%20to%20look%2C%20no%20pressure.%20Would%20you%20like%20to%20see%20it%3F,,,,,,,,,
ph:+918299692562,"Shri Siddhivinayaka Heart and Diabetic Clinic, Dr Panduranga |Best Cardiologist in Suncity Hyderabad | 2 D Echo| ECG| TMT",Doctor,,+918299692562,,,,"Aarush Suzuki (suncity), Suncity main road, nursing home, Chevella Rd, beside suncity, Sun City, Hyderabad, Bandlaguda Jagir, Telangana 500091, India",Hyderabad,,17.365412,78.3972339,Monday: 9:30 AM – 9:00 PM; Tuesday: 9:30 AM – 9:00 PM; Wednesday: 9:30 AM – 9:00 PM; Thursday: 9:30 AM – 9:00 PM; Friday: 9:30 AM – 9:00 PM; Saturday: 9:30 AM – 9:00 PM; Sunday: Closed,False,,none,4.9,548,,,google_places,https://www.google.com/maps/place/?q=place_id:ChIJO6saMjmXyzsRS_DohrG-hiQ,ChIJO6saMjmXyzsRS_DohrG-hiQ,85,HOT,2026-07-27T16:31:09.588175,2026-08-26T16:31:09.588175,new,False,,,"MSG: Hi! This is Taarush, I run TK Vibes, a small web studio. I was actually looking up doctors in Hyderabad last week and Shri Siddhivinayaka Heart and Diabetic Clinic, Dr Panduranga kept coming up with great reviews — but I couldn't find a website, which honestly surprised me. So I went ahead and built a sample one for you. It's real, it's ready, and it's genuinely just a click away from going live. I'll send over the sample site and a short deck showing what it could do for you — no charge to look, no pressure. Would you like to see it?",whatsapp,https://wa.me/918299692562?text=Hi%21%20This%20is%20Taarush%2C%20I%20run%20TK%20Vibes%2C%20a%20small%20web%20studio.%20I%20was%20actually%20looking%20up%20doctors%20in%20Hyderabad%20last%20week%20and%20Shri%20Siddhivinayaka%20Heart%20and%20Diabetic%20Clinic%2C%20Dr%20Panduranga%20kept%20coming%20up%20with%20great%20reviews%20%E2%80%94%20but%20I%20couldn%27t%20find%20a%20website%2C%20which%20honestly%20surprised%20me.%20So%20I%20went%20ahead%20and%20built%20a%20sample%20one%20for%20you.%20It%27s%20real%2C%20it%27s%20ready%2C%20and%20it%27s%20genuinely%20just%20a%20click%20away%20from%20going%20live.%20I%27ll%20send%20over%20the%20sample%20site%20and%20a%20short%20deck%20showing%20what%20it%20could%20do%20for%20you%20%E2%80%94%20no%20charge%20to%20look%2C%20no%20pressure.%20Would%20you%20like%20to%20see%20it%3F,,,,,,,,,
ph:+919052195808,Dr Azhar Cardiologist’s HEALTH SPACE Heart and Speciality clinic| HYDERABAD,Medical Clinic,,+919052195808,,,,"9-4-133/1/A/2/2, 7 Tombs Rd, Raghava Colony, Jhansi Nagar Colony, Hans Nagar Colony, Toli Chowki, Hyderabad, Telangana 500008, India",Hyderabad,,17.3990914,78.4089854,Monday: 5:00 – 10:00 PM; Tuesday: 5:00 – 10:00 PM; Wednesday: 5:00 – 10:00 PM; Thursday: 5:00 – 10:00 PM; Friday: 5:00 – 10:00 PM; Saturday: 5:00 – 10:00 PM; Sunday: Closed,False,,none,5.0,463,,,google_places,https://www.google.com/maps/place/?q=place_id:ChIJ_WiSMR-XyzsRdlDdO9Z7Q0g,ChIJ_WiSMR-XyzsRdlDdO9Z7Q0g,85,HOT,2026-07-27T16:31:09.588175,2026-08-26T16:31:09.588175,new,False,,,"MSG: Hi! This is Taarush, I run TK Vibes, a small web studio. I was actually looking up medical clinics in Hyderabad last week and Dr Azhar Cardiologist’s HEALTH SPACE Heart and Speciality clinic kept coming up with great reviews — but I couldn't find a website, which honestly surprised me. So I went ahead and built a sample one for you. It's real, it's ready, and it's genuinely just a click away from going live. I'll send over the sample site and a short deck showing what it could do for you — no charge to look, no pressure. Would you like to see it?",whatsapp,https://wa.me/919052195808?text=Hi%21%20This%20is%20Taarush%2C%20I%20run%20TK%20Vibes%2C%20a%20small%20web%20studio.%20I%20was%20actually%20looking%20up%20medical%20clinics%20in%20Hyderabad%20last%20week%20and%20Dr%20Azhar%20Cardiologist%E2%80%99s%20HEALTH%20SPACE%20Heart%20and%20Speciality%20clinic%20kept%20coming%20up%20with%20great%20reviews%20%E2%80%94%20but%20I%20couldn%27t%20find%20a%20website%2C%20which%20honestly%20surprised%20me.%20So%20I%20went%20ahead%20and%20built%20a%20sample%20one%20for%20you.%20It%27s%20real%2C%20it%27s%20ready%2C%20and%20it%27s%20genuinely%20just%20a%20click%20away%20from%20going%20live.%20I%27ll%20send%20over%20the%20sample%20site%20and%20a%20short%20deck%20showing%20what%20it%20could%20do%20for%20you%20%E2%80%94%20no%20charge%20to%20look%2C%20no%20pressure.%20Would%20you%20like%20to%20see%20it%3F,,,,,,,,,
ph:+919849792919,Uma Heart Clinic,Medical Center,,+919849792919,,,,"Plot No 2, Subhodaya Apartment, YWCA Road, Bogulkunta, Abids, Hyderabad, Hyderguda, Telangana 500001, India",Hyderabad,,17.3923135,78.4790664,Monday: 8:30 AM – 4:00 PM; Tuesday: Closed; Wednesday: 8:30 AM – 4:00 PM; Thursday: 8:30 AM – 4:00 PM; Friday: 8:30 AM – 4:00 PM; Saturday: 8:30 AM – 4:00 PM; Sunday: Closed,False,,none,4.9,269,,,google_places,https://www.google.com/maps/place/?q=place_id:ChIJ8StdXdeZyzsRbW3Z2h2M56Y,ChIJ8StdXdeZyzsRbW3Z2h2M56Y,85,HOT,2026-07-27T16:31:09.588175,2026-08-26T16:31:09.588175,new,False,,,"MSG: Hi! This is Taarush, I run TK Vibes, a small web studio. I was actually looking up medical centers in Hyderabad last week and Uma Heart Clinic kept coming up with great reviews — but I couldn't find a website, which honestly surprised me. So I went ahead and built a sample one for you. It's real, it's ready, and it's genuinely just a click away from going live. I'll send over the sample site and a short deck showing what it could do for you — no charge to look, no pressure. Would you like to see it?",whatsapp,https://wa.me/919849792919?text=Hi%21%20This%20is%20Taarush%2C%20I%20run%20TK%20Vibes%2C%20a%20small%20web%20studio.%20I%20was%20actually%20looking%20up%20medical%20centers%20in%20Hyderabad%20last%20week%20and%20Uma%20Heart%20Clinic%20kept%20coming%20up%20with%20great%20reviews%20%E2%80%94%20but%20I%20couldn%27t%20find%20a%20website%2C%20which%20honestly%20surprised%20me.%20So%20I%20went%20ahead%20and%20built%20a%20sample%20one%20for%20you.%20It%27s%20real%2C%20it%27s%20ready%2C%20and%20it%27s%20genuinely%20just%20a%20click%20away%20from%20going%20live.%20I%27ll%20send%20over%20the%20sample%20site%20and%20a%20short%20deck%20showing%20what%20it%20could%20do%20for%20you%20%E2%80%94%20no%20charge%20to%20look%2C%20no%20pressure.%20Would%20you%20like%20to%20see%20it%3F,,,,,,,,,
ph:1800 103 7555,"ART Fertility Clinics - Jubilee Hills, Hyderabad",Medical Clinic,,1800 103 7555,,,,"2nd Floor, Heera Moti Complex, Plot number 8-2-293/82/A, Road No. 36, CBI Colony, Jubilee Hills, Hyderabad, Telangana 500033, India",Hyderabad,,17.4309951,78.4075252,Monday: 9:00 AM – 7:00 PM; Tuesday: 9:00 AM – 7:00 PM; Wednesday: 9:00 AM – 7:00 PM; Thursday: 9:00 AM – 7:00 PM; Friday: 9:00 AM – 7:00 PM; Saturday: 9:00 AM – 7:00 PM; Sunday: Closed,False,,none,4.8,576,,,google_places,https://www.google.com/maps/place/?q=place_id:ChIJ65rY-RGRyzsRLQU5yMRTVUE,ChIJ65rY-RGRyzsRLQU5yMRTVUE,85,HOT,2026-07-27T16:31:10.287752,2026-08-26T16:31:10.287752,new,False,,,"MSG: Hi! This is Taarush, I run TK Vibes, a small web studio. I was actually looking up medical clinics in Hyderabad last week and ART Fertility Clinics kept coming up with great reviews — but I couldn't find a website, which honestly surprised me. So I went ahead and built a sample one for you. It's real, it's ready, and it's genuinely just a click away from going live. I'll send over the sample site and a short deck showing what it could do for you — no charge to look, no pressure. Would you like to see it?",call,,,,,,,,,,
ph:+918686422333,jitender jain insurance services,Insurance Agency,,+918686422333,,,,"5-3-1040 1st floor shankerbagh nizamshahi road, Top khana Rd, above Ramdev Textiles, near Tulja Bhawani Temple, Shankar Bagh, Gaffar Hussain Complex, Malakunta, Feelkhana, Hyderabad, Telangana 500012, India",Hyderabad,,17.3810081,78.4745566,Monday: 10:00 AM – 8:00 PM; Tuesday: 10:00 AM – 8:00 PM; Wednesday: 10:00 AM – 8:00 PM; Thursday: 10:00 AM – 8:00 PM; Friday: 10:00 AM – 8:00 PM; Saturday: 10:00 AM – 8:00 PM; Sunday: 10:00 AM – 2:00 PM,False,,none,4.9,37,,,google_places,https://www.google.com/maps/place/?q=place_id:ChIJFXRO-X-XyzsR6yeoJ__a6Ds,ChIJFXRO-X-XyzsR6yeoJ__a6Ds,85,HOT,2026-07-27T16:31:13.482119,2026-08-26T16:31:13.482119,new,False,,,"MSG: Hi! This is Taarush, I run TK Vibes, a small web studio. I was actually looking up insurance agencys in Hyderabad last week and jitender jain insurance services kept coming up with great reviews — but I couldn't find a website, which honestly surprised me. So I went ahead and built a sample one for you. It's real, it's ready, and it's genuinely just a click away from going live. I'll send over the sample site and a short deck showing what it could do for you — no charge to look, no pressure. Would you like to see it?",whatsapp,https://wa.me/918686422333?text=Hi%21%20This%20is%20Taarush%2C%20I%20run%20TK%20Vibes%2C%20a%20small%20web%20studio.%20I%20was%20actually%20looking%20up%20insurance%20agencys%20in%20Hyderabad%20last%20week%20and%20jitender%20jain%20insurance%20services%20kept%20coming%20up%20with%20great%20reviews%20%E2%80%94%20but%20I%20couldn%27t%20find%20a%20website%2C%20which%20honestly%20surprised%20me.%20So%20I%20went%20ahead%20and%20built%20a%20sample%20one%20for%20you.%20It%27s%20real%2C%20it%27s%20ready%2C%20and%20it%27s%20genuinely%20just%20a%20click%20away%20from%20going%20live.%20I%27ll%20send%20over%20the%20sample%20site%20and%20a%20short%20deck%20showing%20what%20it%20could%20do%20for%20you%20%E2%80%94%20no%20charge%20to%20look%2C%20no%20pressure.%20Would%20you%20like%20to%20see%20it%3F,,,,,,,,,
ph:+917997186422,ICICI- Health Insurance.,Insurance Agency,,+917997186422,,,,"No 23, GS Towers, AP State Housing Board, Himayatnagar, Hyderabad, Telangana 500029, India",Hyderabad,,17.4017801,78.4841565,Monday: Open 24 hours; Tuesday: Open 24 hours; Wednesday: Open 24 hours; Thursday: Open 24 hours; Friday: Open 24 hours; Saturday: Open 24 hours; Sunday: Open 24 hours,False,,none,5.0,27,,,google_places,https://www.google.com/maps/place/?q=place_id:ChIJDW4zcRGZyzsRWnMS1fxEs_o,ChIJDW4zcRGZyzsRWnMS1fxEs_o,85,HOT,2026-07-27T16:31:13.482119,2026-08-26T16:31:13.482119,new,False,,,"MSG: Hi! This is Taarush, I run TK Vibes, a small web studio. I was actually looking up insurance agencys in Hyderabad last week and ICICI- Health Insurance. kept coming up with great reviews — but I couldn't find a website, which honestly surprised me. So I went ahead and built a sample one for you. It's real, it's ready, and it's genuinely just a click away from going live. I'll send over the sample site and a short deck showing what it could do for you — no charge to look, no pressure. Would you like to see it?",whatsapp,https://wa.me/917997186422?text=Hi%21%20This%20is%20Taarush%2C%20I%20run%20TK%20Vibes%2C%20a%20small%20web%20studio.%20I%20was%20actually%20looking%20up%20insurance%20agencys%20in%20Hyderabad%20last%20week%20and%20ICICI-%20Health%20Insurance.%20kept%20coming%20up%20with%20great%20reviews%20%E2%80%94%20but%20I%20couldn%27t%20find%20a%20website%2C%20which%20honestly%20surprised%20me.%20So%20I%20went%20ahead%20and%20built%20a%20sample%20one%20for%20you.%20It%27s%20real%2C%20it%27s%20ready%2C%20and%20it%27s%20genuinely%20just%20a%20click%20away%20from%20going%20live.%20I%27ll%20send%20over%20the%20sample%20site%20and%20a%20short%20deck%20showing%20what%20it%20could%20do%20for%20you%20%E2%80%94%20no%20charge%20to%20look%2C%20no%20pressure.%20Would%20you%20like%20to%20see%20it%3F,,,,,,,,,
ph:+919963209591,EXPERT RERA SERVICES,Real Estate Agency,,+919963209591,,,,"S.S.R Chambers Complex, Telephone Bhavan Rd, opp. Rajdoot Hotel, Saifabad, Lakdikapul, Hyderabad, Telangana 500004, India",Hyderabad,,17.4055743,78.4648052,Monday: 10:30 AM – 6:00 PM; Tuesday: 10:30 AM – 6:00 PM; Wednesday: 10:30 AM – 6:00 PM; Thursday: 10:30 AM – 6:00 PM; Friday: 10:30 AM – 6:00 PM; Saturday: 10:30 AM – 6:00 PM; Sunday: Closed,False,,none,4.9,154,,,google_places,https://www.google.com/maps/place/?q=place_id:ChIJBz-9UyWRyzsRZbsXnmG2wr8,ChIJBz-9UyWRyzsRZbsXnmG2wr8,85,HOT,2026-07-27T16:31:14.170772,2026-08-26T16:31:14.170772,new,False,,,"MSG: Hi! This is Taarush, I run TK Vibes, a small web studio. I was actually looking up real estate agencys in Hyderabad last week and EXPERT RERA SERVICES kept coming up with great reviews — but I couldn't find a website, which honestly surprised me. So I went ahead and built a sample one for you. It's real, it's ready, and it's genuinely just a click away from going live. I'll send over the sample site and a short deck showing what it could do for you — no charge to look, no pressure. Would you like to see it?",whatsapp,https://wa.me/919963209591?text=Hi%21%20This%20is%20Taarush%2C%20I%20run%20TK%20Vibes%2C%20a%20small%20web%20studio.%20I%20was%20actually%20looking%20up%20real%20estate%20agencys%20in%20Hyderabad%20last%20week%20and%20EXPERT%20RERA%20SERVICES%20kept%20coming%20up%20with%20great%20reviews%20%E2%80%94%20but%20I%20couldn%27t%20find%20a%20website%2C%20which%20honestly%20surprised%20me.%20So%20I%20went%20ahead%20and%20built%20a%20sample%20one%20for%20you.%20It%27s%20real%2C%20it%27s%20ready%2C%20and%20it%27s%20genuinely%20just%20a%20click%20away%20from%20going%20live.%20I%27ll%20send%20over%20the%20sample%20site%20and%20a%20short%20deck%20showing%20what%20it%20could%20do%20for%20you%20%E2%80%94%20no%20charge%20to%20look%2C%20no%20pressure.%20Would%20you%20like%20to%20see%20it%3F,,,,,,,,,
ph:+918309975256,Yashoda Pearls & Jewels,Jewelry Store,,+918309975256,,,,"1-58/5/A, above Bank Of India, near Atrium Mall, P Janardhan Reddy Nagar, Gachibowli, Hyderabad, Telangana 500032, India",Hyderabad,,17.443872,78.3630104,Monday: 11:30 AM – 8:00 PM; Tuesday: 11:30 AM – 8:00 PM; Wednesday: 11:30 AM – 8:00 PM; Thursday: 11:30 AM – 8:00 PM; Friday: 11:30 AM – 8:00 PM; Saturday: 11:30 AM – 8:00 PM; Sunday: 11:30 AM – 6:00 PM,False,,none,4.9,2063,,,google_places,https://www.google.com/maps/place/?q=place_id:ChIJwXCi54WTyzsRhbGdCw6Tg2o,ChIJwXCi54WTyzsRhbGdCw6Tg2o,85,HOT,2026-07-27T16:31:16.934960,2026-08-26T16:31:16.934960,new,False,,,"MSG: Hi! This is Taarush, I run TK Vibes, a small web studio. I was actually looking up jewelry stores in Hyderabad last week and Yashoda Pearls & Jewels kept coming up with great reviews — but I couldn't find a website, which honestly surprised me. So I went ahead and built a sample one for you. It's real, it's ready, and it's genuinely just a click away from going live. I'll send over the sample site and a short deck showing what it could do for you — no charge to look, no pressure. Would you like to see it?",whatsapp,https://wa.me/918309975256?text=Hi%21%20This%20is%20Taarush%2C%20I%20run%20TK%20Vibes%2C%20a%20small%20web%20studio.%20I%20was%20actually%20looking%20up%20jewelry%20stores%20in%20Hyderabad%20last%20week%20and%20Yashoda%20Pearls%20%26%20Jewels%20kept%20coming%20up%20with%20great%20reviews%20%E2%80%94%20but%20I%20couldn%27t%20find%20a%20website%2C%20which%20honestly%20surprised%20me.%20So%20I%20went%20ahead%20and%20built%20a%20sample%20one%20for%20you.%20It%27s%20real%2C%20it%27s%20ready%2C%20and%20it%27s%20genuinely%20just%20a%20click%20away%20from%20going%20live.%20I%27ll%20send%20over%20the%20sample%20site%20and%20a%20short%20deck%20showing%20what%20it%20could%20do%20for%20you%20%E2%80%94%20no%20charge%20to%20look%2C%20no%20pressure.%20Would%20you%20like%20to%20see%20it%3F,,,,,,,,,
ph:+919821144764,Bangalore Dental & General Polyclinic,Dental Clinic,,+919821144764,,,,"Plot No. 221 RHB Colony, opposite ganesha temple, Garudachar Palya, Mahadevapura, Bengaluru, Karnataka 560048, India",Bengaluru,,12.9929024,77.6969064,Monday: 9:00 AM – 8:30 PM; Tuesday: 9:00 AM – 8:30 PM; Wednesday: 9:00 AM – 8:30 PM; Thursday: 9:00 AM – 8:30 PM; Friday: 9:00 AM – 8:30 PM; Saturday: 9:00 AM – 8:30 PM; Sunday: 9:00 AM – 4:30 PM,False,,none,4.9,1190,,,google_places,https://www.google.com/maps/place/?q=place_id:ChIJEWW9o28RrjsR0ZX_O_TZLng,ChIJEWW9o28RrjsR0ZX_O_TZLng,85,HOT,2026-07-27T16:31:17.588841,2026-08-26T16:31:17.588841,new,False,,,"MSG: Hi! This is Taarush, I run TK Vibes, a small web studio. I was actually looking up dental clinics in Bengaluru last week and Bangalore Dental & General Polyclinic kept coming up with great reviews — but I couldn't find a website, which honestly surprised me. So I went ahead and built a sample one for you. It's real, it's ready, and it's genuinely just a click away from going live. I'll send over the sample site and a short deck showing what it could do for you — no charge to look, no pressure. Would you like to see it?",whatsapp,https://wa.me/919821144764?text=Hi%21%20This%20is%20Taarush%2C%20I%20run%20TK%20Vibes%2C%20a%20small%20web%20studio.%20I%20was%20actually%20looking%20up%20dental%20clinics%20in%20Bengaluru%20last%20week%20and%20Bangalore%20Dental%20%26%20General%20Polyclinic%20kept%20coming%20up%20with%20great%20reviews%20%E2%80%94%20but%20I%20couldn%27t%20find%20a%20website%2C%20which%20honestly%20surprised%20me.%20So%20I%20went%20ahead%20and%20built%20a%20sample%20one%20for%20you.%20It%27s%20real%2C%20it%27s%20ready%2C%20and%20it%27s%20genuinely%20just%20a%20click%20away%20from%20going%20live.%20I%27ll%20send%20over%20the%20sample%20site%20and%20a%20short%20deck%20showing%20what%20it%20could%20do%20for%20you%20%E2%80%94%20no%20charge%20to%20look%2C%20no%20pressure.%20Would%20you%20like%20to%20see%20it%3F,,,,,,,,,
ph:+916366649777,Dr. Shekhar Reddy Dental Clinic,Dental Clinic,,+916366649777,,,,"Bazaar St, below Canara Bank, opposite Mecca Mosque, Rose Garden, Richard Xavier's colony, Neelasandra, Bengaluru, Karnataka 560047, India",Bengaluru,,12.9548373,77.6144391,Monday: 9:00 AM – 9:00 PM; Tuesday: 9:00 AM – 9:00 PM; Wednesday: 9:00 AM – 9:00 PM; Thursday: 9:00 AM – 9:00 PM; Friday: 9:00 AM – 9:00 PM; Saturday: 9:00 AM – 9:00 PM; Sunday: 9:00 AM – 8:00 PM,False,,none,4.9,1222,,,google_places,https://www.google.com/maps/place/?q=place_id:ChIJKVebKk0_rjsR6ZL_bvP7Fdk,ChIJKVebKk0_rjsR6ZL_bvP7Fdk,85,HOT,2026-07-27T16:31:17.588841,2026-08-26T16:31:17.588841,new,False,,,"MSG: Hi! This is Taarush, I run TK Vibes, a small web studio. I was actually looking up dental clinics in Bengaluru last week and Dr. Shekhar Reddy Dental Clinic kept coming up with great reviews — but I couldn't find a website, which honestly surprised me. So I went ahead and built a sample one for you. It's real, it's ready, and it's genuinely just a click away from going live. I'll send over the sample site and a short deck showing what it could do for you — no charge to look, no pressure. Would you like to see it?",whatsapp,https://wa.me/916366649777?text=Hi%21%20This%20is%20Taarush%2C%20I%20run%20TK%20Vibes%2C%20a%20small%20web%20studio.%20I%20was%20actually%20looking%20up%20dental%20clinics%20in%20Bengaluru%20last%20week%20and%20Dr.%20Shekhar%20Reddy%20Dental%20Clinic%20kept%20coming%20up%20with%20great%20reviews%20%E2%80%94%20but%20I%20couldn%27t%20find%20a%20website%2C%20which%20honestly%20surprised%20me.%20So%20I%20went%20ahead%20and%20built%20a%20sample%20one%20for%20you.%20It%27s%20real%2C%20it%27s%20ready%2C%20and%20it%27s%20genuinely%20just%20a%20click%20away%20from%20going%20live.%20I%27ll%20send%20over%20the%20sample%20site%20and%20a%20short%20deck%20showing%20what%20it%20could%20do%20for%20you%20%E2%80%94%20no%20charge%20to%20look%2C%20no%20pressure.%20Would%20you%20like%20to%20see%20it%3F,,,,,,,,,
ph:+919632944355,MM Clinic,Medical Clinic,,+919632944355,,,,"#253/253/D, Appareddy Palya Rd, New Akash Nagar, Motappapalya, Indiranagar, Bengaluru, Karnataka 560038, India",Bengaluru,,12.9744053,77.6385928,"Monday: 10:00 AM – 2:00 PM, 6:00 – 10:00 PM; Tuesday: 10:00 AM – 2:00 PM, 6:00 – 10:00 PM; Wednesday: 10:00 AM – 2:00 PM, 6:00 – 10:00 PM; Thursday: 10:00 AM – 2:00 PM, 6:00 – 10:00 PM; Friday: 10:00 AM – 2:00 PM, 6:00 – 10:00 PM; Saturday: 10:00 AM – 2:00 PM, 6:00 – 10:00 PM; Sunday: 10:00 AM – 2:00 PM",False,,none,5.0,504,,,google_places,https://www.google.com/maps/place/?q=place_id:ChIJv8jQmqYWrjsRFMU9vmUN-sY,ChIJv8jQmqYWrjsRFMU9vmUN-sY,85,HOT,2026-07-27T16:31:18.934257,2026-08-26T16:31:18.934257,new,False,,,"MSG: Hi! This is Taarush, I run TK Vibes, a small web studio. I was actually looking up medical clinics in Bengaluru last week and MM Clinic kept coming up with great reviews — but I couldn't find a website, which honestly surprised me. So I went ahead and built a sample one for you. It's real, it's ready, and it's genuinely just a click away from going live. I'll send over the sample site and a short deck showing what it could do for you — no charge to look, no pressure. Would you like to see it?",whatsapp,https://wa.me/919632944355?text=Hi%21%20This%20is%20Taarush%2C%20I%20run%20TK%20Vibes%2C%20a%20small%20web%20studio.%20I%20was%20actually%20looking%20up%20medical%20clinics%20in%20Bengaluru%20last%20week%20and%20MM%20Clinic%20kept%20coming%20up%20with%20great%20reviews%20%E2%80%94%20but%20I%20couldn%27t%20find%20a%20website%2C%20which%20honestly%20surprised%20me.%20So%20I%20went%20ahead%20and%20built%20a%20sample%20one%20for%20you.%20It%27s%20real%2C%20it%27s%20ready%2C%20and%20it%27s%20genuinely%20just%20a%20click%20away%20from%20going%20live.%20I%27ll%20send%20over%20the%20sample%20site%20and%20a%20short%20deck%20showing%20what%20it%20could%20do%20for%20you%20%E2%80%94%20no%20charge%20to%20look%2C%20no%20pressure.%20Would%20you%20like%20to%20see%20it%3F,,,,,,,,,
ph:+916363073798,Dr SHIVARAM HR - MBBS MD DNB FIPC ( Viveks Multispecality Clinic) JP Nagar,Doctor,,+916363073798,,,,"2nd Floor, No 2144/21, Kothanur Road, Puttenahalli Rd, Gaurav Nagar JP Nagar 7th Phase, near Brigade Millenium Road, Sankranthi Layout, RBI Layout, Signal, J. P. Nagar, Bengaluru, Karnataka 560078, India",Bengaluru,,12.8856573,77.5824237,Monday: 7:00 AM – 10:00 PM; Tuesday: 7:00 AM – 10:00 PM; Wednesday: 7:00 AM – 10:00 PM; Thursday: 7:00 AM – 10:00 PM; Friday: 7:00 AM – 10:00 PM; Saturday: 7:00 AM – 10:00 PM; Sunday: Closed,False,,none,4.8,578,,,google_places,https://www.google.com/maps/place/?q=place_id:ChIJQQAADEAVrjsRCrAms_1xjfg,ChIJQQAADEAVrjsRCrAms_1xjfg,85,HOT,2026-07-27T16:31:18.934257,2026-08-26T16:31:18.934257,new,False,,,"MSG: Hi! This is Taarush, I run TK Vibes, a small web studio. I was actually looking up doctors in Bengaluru last week and Dr SHIVARAM HR kept coming up with great reviews — but I couldn't find a website, which honestly surprised me. So I went ahead and built a sample one for you. It's real, it's ready, and it's genuinely just a click away from going live. I'll send over the sample site and a short deck showing what it could do for you — no charge to look, no pressure. Would you like to see it?",whatsapp,https://wa.me/916363073798?text=Hi%21%20This%20is%20Taarush%2C%20I%20run%20TK%20Vibes%2C%20a%20small%20web%20studio.%20I%20was%20actually%20looking%20up%20doctors%20in%20Bengaluru%20last%20week%20and%20Dr%20SHIVARAM%20HR%20kept%20coming%20up%20with%20great%20reviews%20%E2%80%94%20but%20I%20couldn%27t%20find%20a%20website%2C%20which%20honestly%20surprised%20me.%20So%20I%20went%20ahead%20and%20built%20a%20sample%20one%20for%20you.%20It%27s%20real%2C%20it%27s%20ready%2C%20and%20it%27s%20genuinely%20just%20a%20click%20away%20from%20going%20live.%20I%27ll%20send%20over%20the%20sample%20site%20and%20a%20short%20deck%20showing%20what%20it%20could%20do%20for%20you%20%E2%80%94%20no%20charge%20to%20look%2C%20no%20pressure.%20Would%20you%20like%20to%20see%20it%3F,,,,,,,,,
ph:+919008315858,D.R CLINIC,Medical Clinic,,+919008315858,,,,"No 03, K R Garden, first floor 3rd Main Rd, Koramangala 8th Block, Koramangala, Bengaluru, Karnataka 560095, Nanjappa Reddy Layout, Koramangala 8th Block, Koramangala, Bengaluru, Karnataka 560095, India",Bengaluru,,12.94375,77.6207845,Monday: 9:30 AM – 9:30 PM; Tuesday: 9:30 AM – 9:30 PM; Wednesday: 9:30 AM – 9:30 PM; Thursday: 9:30 AM – 9:30 PM; Friday: 9:30 AM – 9:30 PM; Saturday: 9:30 AM – 9:30 PM; Sunday: 2:00 – 7:00 PM,False,,none,4.9,55,,,google_places,https://www.google.com/maps/place/?q=place_id:ChIJR_nG4OoVrjsRzC4tmRzlixU,ChIJR_nG4OoVrjsRzC4tmRzlixU,85,HOT,2026-07-27T16:31:18.934257,2026-08-26T16:31:18.934257,new,False,,,"MSG: Hi! This is Taarush, I run TK Vibes, a small web studio. I was actually looking up medical clinics in Bengaluru last week and D.R CLINIC kept coming up with great reviews — but I couldn't find a website, which honestly surprised me. So I went ahead and built a sample one for you. It's real, it's ready, and it's genuinely just a click away from going live. I'll send over the sample site and a short deck showing what it could do for you — no charge to look, no pressure. Would you like to see it?",whatsapp,https://wa.me/919008315858?text=Hi%21%20This%20is%20Taarush%2C%20I%20run%20TK%20Vibes%2C%20a%20small%20web%20studio.%20I%20was%20actually%20looking%20up%20medical%20clinics%20in%20Bengaluru%20last%20week%20and%20D.R%20CLINIC%20kept%20coming%20up%20with%20great%20reviews%20%E2%80%94%20but%20I%20couldn%27t%20find%20a%20website%2C%20which%20honestly%20surprised%20me.%20So%20I%20went%20ahead%20and%20built%20a%20sample%20one%20for%20you.%20It%27s%20real%2C%20it%27s%20ready%2C%20and%20it%27s%20genuinely%20just%20a%20click%20away%20from%20going%20live.%20I%27ll%20send%20over%20the%20sample%20site%20and%20a%20short%20deck%20showing%20what%20it%20could%20do%20for%20you%20%E2%80%94%20no%20charge%20to%20look%2C%20no%20pressure.%20Would%20you%20like%20to%20see%20it%3F,,,,,,,,,
ph:+919731932758,Dr. Mahesh P Shiva Specialist Clinic,Medical Clinic,,+919731932758,,,,"#121, Ground Floor, 4th Cross, 3rd main, Dr, Shivaram Karanth Rd, Srinivasanagara, Hanumanthnagar, Banashankari 1st Stage, Banashankari, Bengaluru, Karnataka 560004, India",Bengaluru,,12.94364,77.5639952,"Monday: 9:30 AM – 1:00 PM, 5:00 – 8:00 PM; Tuesday: 9:30 AM – 1:00 PM, 5:00 – 8:00 PM; Wednesday: 9:30 AM – 1:00 PM, 5:00 – 8:00 PM; Thursday: 9:30 AM – 1:00 PM, 5:00 – 8:00 PM; Friday: 9:30 AM – 1:00 PM, 5:00 – 8:00 PM; Saturday: 9:30 AM – 1:00 PM, 5:00 – 8:00 PM; Sunday: Closed",False,,none,4.5,104,,,google_places,https://www.google.com/maps/place/?q=place_id:ChIJ34DnMowVrjsRjQbjYjoOIa8,ChIJ34DnMowVrjsRjQbjYjoOIa8,85,HOT,2026-07-27T16:31:18.934257,2026-08-26T16:31:18.934257,new,False,,,"MSG: Hi! This is Taarush, I run TK Vibes, a small web studio. I was actually looking up medical clinics in Bengaluru last week and Dr. Mahesh P Shiva Specialist Clinic kept coming up with great reviews — but I couldn't find a website, which honestly surprised me. So I went ahead and built a sample one for you. It's real, it's ready, and it's genuinely just a click away from going live. I'll send over the sample site and a short deck showing what it could do for you — no charge to look, no pressure. Would you like to see it?",whatsapp,https://wa.me/919731932758?text=Hi%21%20This%20is%20Taarush%2C%20I%20run%20TK%20Vibes%2C%20a%20small%20web%20studio.%20I%20was%20actually%20looking%20up%20medical%20clinics%20in%20Bengaluru%20last%20week%20and%20Dr.%20Mahesh%20P%20Shiva%20Specialist%20Clinic%20kept%20coming%20up%20with%20great%20reviews%20%E2%80%94%20but%20I%20couldn%27t%20find%20a%20website%2C%20which%20honestly%20surprised%20me.%20So%20I%20went%20ahead%20and%20built%20a%20sample%20one%20for%20you.%20It%27s%20real%2C%20it%27s%20ready%2C%20and%20it%27s%20genuinely%20just%20a%20click%20away%20from%20going%20live.%20I%27ll%20send%20over%20the%20sample%20site%20and%20a%20short%20deck%20showing%20what%20it%20could%20do%20for%20you%20%E2%80%94%20no%20charge%20to%20look%2C%20no%20pressure.%20Would%20you%20like%20to%20see%20it%3F,,,,,,,,,
ph:+918431613911,Akshaya Family Clinic,Medical Clinic,,+918431613911,,,,"324, 19th Cross Rd, Yediyur, Jayanagar, Bengaluru, Karnataka 560070, India",Bengaluru,,12.9341606,77.5795695,"Monday: 10:00 AM – 12:00 PM, 5:30 – 8:00 PM; Tuesday: 9:00 AM – 12:00 PM, 5:00 – 8:00 PM; Wednesday: 9:00 AM – 12:00 PM, 5:00 – 8:00 PM; Thursday: 9:00 AM – 12:00 PM; Friday: 9:00 AM – 12:00 PM, 5:00 – 8:00 PM; Saturday: 9:00 AM – 12:00 PM, 5:00 – 8:00 PM; Sunday: Closed",False,,none,5.0,97,,,google_places,https://www.google.com/maps/place/?q=place_id:ChIJiQ9jWQAVrjsRw9h9-ER-z9E,ChIJiQ9jWQAVrjsRw9h9-ER-z9E,85,HOT,2026-07-27T16:31:19.468284,2026-08-26T16:31:19.468284,new,False,,,"MSG: Hi! This is Taarush, I run TK Vibes, a small web studio. I was actually looking up medical clinics in Bengaluru last week and Akshaya Family Clinic kept coming up with great reviews — but I couldn't find a website, which honestly surprised me. So I went ahead and built a sample one for you. It's real, it's ready, and it's genuinely just a click away from going live. I'll send over the sample site and a short deck showing what it could do for you — no charge to look, no pressure. Would you like to see it?",whatsapp,https://wa.me/918431613911?text=Hi%21%20This%20is%20Taarush%2C%20I%20run%20TK%20Vibes%2C%20a%20small%20web%20studio.%20I%20was%20actually%20looking%20up%20medical%20clinics%20in%20Bengaluru%20last%20week%20and%20Akshaya%20Family%20Clinic%20kept%20coming%20up%20with%20great%20reviews%20%E2%80%94%20but%20I%20couldn%27t%20find%20a%20website%2C%20which%20honestly%20surprised%20me.%20So%20I%20went%20ahead%20and%20built%20a%20sample%20one%20for%20you.%20It%27s%20real%2C%20it%27s%20ready%2C%20and%20it%27s%20genuinely%20just%20a%20click%20away%20from%20going%20live.%20I%27ll%20send%20over%20the%20sample%20site%20and%20a%20short%20deck%20showing%20what%20it%20could%20do%20for%20you%20%E2%80%94%20no%20charge%20to%20look%2C%20no%20pressure.%20Would%20you%20like%20to%20see%20it%3F,,,,,,,,,
ph:+919980866101,Happy Clinics - Multispeciality,Medical Clinic,,+919980866101,,,contact@simbakidsclinic.com,"35, DV Gundappa Rd, opp. Allahabad Bank, Gandhi Bazaar, Basavanagudi, Bengaluru, Karnataka 560004, India",Bengaluru,,12.9427035,77.5712641,"Monday: 10:00 AM – 2:00 PM, 5:00 – 9:00 PM; Tuesday: 10:00 AM – 2:00 PM, 5:00 – 9:00 PM; Wednesday: 10:00 AM – 2:00 PM, 5:00 – 9:00 PM; Thursday: 10:00 AM – 2:00 PM, 5:00 – 9:00 PM; Friday: 10:00 AM – 2:00 PM, 5:00 – 9:00 PM; Saturday: 10:00 AM – 2:00 PM, 5:00 – 9:00 PM; Sunday: 6:00 – 9:00 PM",False,http://simbakidsclinic.com/,none,4.8,31,,,google_places,https://www.google.com/maps/place/?q=place_id:ChIJR81jm1YVrjsR8vGB2RePfk4,ChIJR81jm1YVrjsR8vGB2RePfk4,85,HOT,2026-07-27T16:31:19.468284,2026-08-26T16:31:19.468284,new,False,,,"MSG: Hi! This is Taarush, I run TK Vibes, a small web studio. I came across Happy Clinics while looking at medical clinics in Bengaluru — your reviews are great, but your current site isn't doing them justice. So I redesigned it. Not a mockup, an actual working version that's a click away from going live. I'll share the redesign and a short deck on what it could do for you — free to look, zero pressure. Want me to send it over?",whatsapp,https://wa.me/919980866101?text=Hi%21%20This%20is%20Taarush%2C%20I%20run%20TK%20Vibes%2C%20a%20small%20web%20studio.%20I%20came%20across%20Happy%20Clinics%20while%20looking%20at%20medical%20clinics%20in%20Bengaluru%20%E2%80%94%20your%20reviews%20are%20great%2C%20but%20your%20current%20site%20isn%27t%20doing%20them%20justice.%20So%20I%20redesigned%20it.%20Not%20a%20mockup%2C%20an%20actual%20working%20version%20that%27s%20a%20click%20away%20from%20going%20live.%20I%27ll%20share%20the%20redesign%20and%20a%20short%20deck%20on%20what%20it%20could%20do%20for%20you%20%E2%80%94%20free%20to%20look%2C%20zero%20pressure.%20Want%20me%20to%20send%20it%20over%3F,,,,,,,,,
ph:+919380457346,Bajarangi Clinic,Medical Clinic,,+919380457346,,,,"WGWV+V56, D St, Avalahalli, Srinagar, Banashankari, Bengaluru, Karnataka 560026, India",Bengaluru,,12.9468691,77.5428118,Monday: 8:00 AM – 11:00 PM; Tuesday: 8:00 AM – 11:00 PM; Wednesday: 8:00 AM – 11:00 PM; Thursday: 8:00 AM – 11:00 PM; Friday: 8:00 AM – 11:00 PM; Saturday: 8:00 AM – 11:00 PM; Sunday: 8:00 AM – 11:00 PM,False,,none,5.0,12,,,google_places,https://www.google.com/maps/place/?q=place_id:ChIJd51ecQA_rjsRqTJhRoT5IHg,ChIJd51ecQA_rjsRqTJhRoT5IHg,85,HOT,2026-07-27T16:31:19.468284,2026-08-26T16:31:19.468284,new,False,,,"MSG: Hi! This is Taarush, I run TK Vibes, a small web studio. I was actually looking up medical clinics in Bengaluru last week and Bajarangi Clinic kept coming up with great reviews — but I couldn't find a website, which honestly surprised me. So I went ahead and built a sample one for you. It's real, it's ready, and it's genuinely just a click away from going live. I'll send over the sample site and a short deck showing what it could do for you — no charge to look, no pressure. Would you like to see it?",whatsapp,https://wa.me/919380457346?text=Hi%21%20This%20is%20Taarush%2C%20I%20run%20TK%20Vibes%2C%20a%20small%20web%20studio.%20I%20was%20actually%20looking%20up%20medical%20clinics%20in%20Bengaluru%20last%20week%20and%20Bajarangi%20Clinic%20kept%20coming%20up%20with%20great%20reviews%20%E2%80%94%20but%20I%20couldn%27t%20find%20a%20website%2C%20which%20honestly%20surprised%20me.%20So%20I%20went%20ahead%20and%20built%20a%20sample%20one%20for%20you.%20It%27s%20real%2C%20it%27s%20ready%2C%20and%20it%27s%20genuinely%20just%20a%20click%20away%20from%20going%20live.%20I%27ll%20send%20over%20the%20sample%20site%20and%20a%20short%20deck%20showing%20what%20it%20could%20do%20for%20you%20%E2%80%94%20no%20charge%20to%20look%2C%20no%20pressure.%20Would%20you%20like%20to%20see%20it%3F,,,,,,,,,
ph:+917975748049,Chethana Clinic,Medical Clinic,,+917975748049,,,,"3rd Phase, 5th Block, 788, 9th Main Rd, Bhuvaneshwari Nagar, BSK 3rd Stage, Banashankari, Bengaluru, Karnataka 560085, India",Bengaluru,,12.9231726,77.5486318,"Monday: 9:00 AM – 2:00 PM, 5:00 – 9:00 PM; Tuesday: Closed; Wednesday: 10:00 AM – 2:00 PM, 5:00 – 9:00 PM; Thursday: 10:00 AM – 2:00 PM, 5:00 – 9:00 PM; Friday: 10:00 AM – 2:00 PM, 5:00 – 9:00 PM; Saturday: 10:00 AM – 2:00 PM, 5:00 – 9:00 PM; Sunday: 10:00 AM – 2:00 PM, 5:00 – 9:00 PM",False,,none,4.8,16,,,google_places,https://www.google.com/maps/place/?q=place_id:ChIJU4sW8Yk_rjsRIvE3z4ehcCE,ChIJU4sW8Yk_rjsRIvE3z4ehcCE,85,HOT,2026-07-27T16:31:19.468284,2026-08-26T16:31:19.468284,new,False,,,"MSG: Hi! This is Taarush, I run TK Vibes, a small web studio. I was actually looking up medical clinics in Bengaluru last week and Chethana Clinic kept coming up with great reviews — but I couldn't find a website, which honestly surprised me. So I went ahead and built a sample one for you. It's real, it's ready, and it's genuinely just a click away from going live. I'll send over the sample site and a short deck showing what it could do for you — no charge to look, no pressure. Would you like to see it?",whatsapp,https://wa.me/917975748049?text=Hi%21%20This%20is%20Taarush%2C%20I%20run%20TK%20Vibes%2C%20a%20small%20web%20studio.%20I%20was%20actually%20looking%20up%20medical%20clinics%20in%20Bengaluru%20last%20week%20and%20Chethana%20Clinic%20kept%20coming%20up%20with%20great%20reviews%20%E2%80%94%20but%20I%20couldn%27t%20find%20a%20website%2C%20which%20honestly%20surprised%20me.%20So%20I%20went%20ahead%20and%20built%20a%20sample%20one%20for%20you.%20It%27s%20real%2C%20it%27s%20ready%2C%20and%20it%27s%20genuinely%20just%20a%20click%20away%20from%20going%20live.%20I%27ll%20send%20over%20the%20sample%20site%20and%20a%20short%20deck%20showing%20what%20it%20could%20do%20for%20you%20%E2%80%94%20no%20charge%20to%20look%2C%20no%20pressure.%20Would%20you%20like%20to%20see%20it%3F,,,,,,,,,
ph:+919482955900,Maruthi Pet Care Centre,Veterinary Care,,+919482955900,,,,"Service Road, New, Outer Ring Rd, Malagala, Marilingappa Extension, Nagarbhavi, Bengaluru, Karnataka 560072, India",Bengaluru,,12.977391,77.5148655,Monday: Open 24 hours; Tuesday: Open 24 hours; Wednesday: Open 24 hours; Thursday: Open 24 hours; Friday: Open 24 hours; Saturday: Open 24 hours; Sunday: Open 24 hours,False,,none,4.2,3018,,,google_places,https://www.google.com/maps/place/?q=place_id:ChIJr2Bl5zI8rjsRYEDL1lmlojM,ChIJr2Bl5zI8rjsRYEDL1lmlojM,85,HOT,2026-07-27T16:31:22.165088,2026-08-26T16:31:22.165088,new,False,,,"MSG: Hi! This is Taarush, I run TK Vibes, a small web studio. I was actually looking up veterinary cares in Bengaluru last week and Maruthi Pet Care Centre kept coming up with great reviews — but I couldn't find a website, which honestly surprised me. So I went ahead and built a sample one for you. It's real, it's ready, and it's genuinely just a click away from going live. I'll send over the sample site and a short deck showing what it could do for you — no charge to look, no pressure. Would you like to see it?",whatsapp,https://wa.me/919482955900?text=Hi%21%20This%20is%20Taarush%2C%20I%20run%20TK%20Vibes%2C%20a%20small%20web%20studio.%20I%20was%20actually%20looking%20up%20veterinary%20cares%20in%20Bengaluru%20last%20week%20and%20Maruthi%20Pet%20Care%20Centre%20kept%20coming%20up%20with%20great%20reviews%20%E2%80%94%20but%20I%20couldn%27t%20find%20a%20website%2C%20which%20honestly%20surprised%20me.%20So%20I%20went%20ahead%20and%20built%20a%20sample%20one%20for%20you.%20It%27s%20real%2C%20it%27s%20ready%2C%20and%20it%27s%20genuinely%20just%20a%20click%20away%20from%20going%20live.%20I%27ll%20send%20over%20the%20sample%20site%20and%20a%20short%20deck%20showing%20what%20it%20could%20do%20for%20you%20%E2%80%94%20no%20charge%20to%20look%2C%20no%20pressure.%20Would%20you%20like%20to%20see%20it%3F,,,,,,,,,
ph:+918277431186,BTM VET clinic,Veterinary Care,,+918277431186,,,,"296, 7th main road, 7th Cross Rd, Mico Layout, Stage 2, BTM Layout, Bengaluru, Karnataka 560076, India",Bengaluru,,12.9137868,77.6060349,Monday: Open 24 hours; Tuesday: Open 24 hours; Wednesday: Open 24 hours; Thursday: Open 24 hours; Friday: Open 24 hours; Saturday: Open 24 hours; Sunday: Open 24 hours,False,,none,4.5,232,,,google_places,https://www.google.com/maps/place/?q=place_id:ChIJU9I0GPAVrjsRSnFjd74kJus,ChIJU9I0GPAVrjsRSnFjd74kJus,85,HOT,2026-07-27T16:31:22.165088,2026-08-26T16:31:22.165088,new,False,,,"MSG: Hi! This is Taarush, I run TK Vibes, a small web studio. I was actually looking up veterinary cares in Bengaluru last week and BTM VET clinic kept coming up with great reviews — but I couldn't find a website, which honestly surprised me. So I went ahead and built a sample one for you. It's real, it's ready, and it's genuinely just a click away from going live. I'll send over the sample site and a short deck showing what it could do for you — no charge to look, no pressure. Would you like to see it?",whatsapp,https://wa.me/918277431186?text=Hi%21%20This%20is%20Taarush%2C%20I%20run%20TK%20Vibes%2C%20a%20small%20web%20studio.%20I%20was%20actually%20looking%20up%20veterinary%20cares%20in%20Bengaluru%20last%20week%20and%20BTM%20VET%20clinic%20kept%20coming%20up%20with%20great%20reviews%20%E2%80%94%20but%20I%20couldn%27t%20find%20a%20website%2C%20which%20honestly%20surprised%20me.%20So%20I%20went%20ahead%20and%20built%20a%20sample%20one%20for%20you.%20It%27s%20real%2C%20it%27s%20ready%2C%20and%20it%27s%20genuinely%20just%20a%20click%20away%20from%20going%20live.%20I%27ll%20send%20over%20the%20sample%20site%20and%20a%20short%20deck%20showing%20what%20it%20could%20do%20for%20you%20%E2%80%94%20no%20charge%20to%20look%2C%20no%20pressure.%20Would%20you%20like%20to%20see%20it%3F,,,,,,,,,
ph:+918296143115,Dr. Ravi's Pet Clinic,Veterinary Care,,+918296143115,,,,"No. 32, 4th temple Street road, 15th Cross Rd, Vyalikaval, Kodandarampura, Malleshwaram, Bengaluru, Karnataka 560003, India",Bengaluru,,13.005494,77.5732314,"Monday: 9:00 AM – 9:00 PM; Tuesday: 9:00 AM – 9:00 PM; Wednesday: 9:00 AM – 9:00 PM; Thursday: 9:00 AM – 9:00 PM; Friday: 9:00 AM – 9:00 PM; Saturday: 9:00 AM – 9:00 PM; Sunday: 9:00 AM – 2:00 PM, 5:00 – 9:00 PM",False,,none,4.6,1271,,,google_places,https://www.google.com/maps/place/?q=place_id:ChIJn5x6ZyoWrjsRN5DU0T1XlpM,ChIJn5x6ZyoWrjsRN5DU0T1XlpM,85,HOT,2026-07-27T16:31:22.165088,2026-08-26T16:31:22.165088,new,False,,,"MSG: Hi! This is Taarush, I run TK Vibes, a small web studio. I was actually looking up veterinary cares in Bengaluru last week and Dr. Ravi's Pet Clinic kept coming up with great reviews — but I couldn't find a website, which honestly surprised me. So I went ahead and built a sample one for you. It's real, it's ready, and it's genuinely just a click away from going live. I'll send over the sample site and a short deck showing what it could do for you — no charge to look, no pressure. Would you like to see it?",whatsapp,https://wa.me/918296143115?text=Hi%21%20This%20is%20Taarush%2C%20I%20run%20TK%20Vibes%2C%20a%20small%20web%20studio.%20I%20was%20actually%20looking%20up%20veterinary%20cares%20in%20Bengaluru%20last%20week%20and%20Dr.%20Ravi%27s%20Pet%20Clinic%20kept%20coming%20up%20with%20great%20reviews%20%E2%80%94%20but%20I%20couldn%27t%20find%20a%20website%2C%20which%20honestly%20surprised%20me.%20So%20I%20went%20ahead%20and%20built%20a%20sample%20one%20for%20you.%20It%27s%20real%2C%20it%27s%20ready%2C%20and%20it%27s%20genuinely%20just%20a%20click%20away%20from%20going%20live.%20I%27ll%20send%20over%20the%20sample%20site%20and%20a%20short%20deck%20showing%20what%20it%20could%20do%20for%20you%20%E2%80%94%20no%20charge%20to%20look%2C%20no%20pressure.%20Would%20you%20like%20to%20see%20it%3F,,,,,,,,,
ph:+919606994627,Dr. Paws Indiranagar | 24x7 Veterinary Hospital,Veterinary Care,,+919606994627,,,,"3626, 7th Cross Road, 13th G Main Rd, HAL 2nd Stage, Doopanahalli, Indiranagar, Bengaluru, Karnataka 560071, India",Bengaluru,,12.9655253,77.6385461,Monday: Open 24 hours; Tuesday: Open 24 hours; Wednesday: Open 24 hours; Thursday: Open 24 hours; Friday: Open 24 hours; Saturday: Open 24 hours; Sunday: Open 24 hours,False,,none,4.8,492,,,google_places,https://www.google.com/maps/place/?q=place_id:ChIJk_MD6A8VrjsR03gk9J7tIFg,ChIJk_MD6A8VrjsR03gk9J7tIFg,85,HOT,2026-07-27T16:31:22.894745,2026-08-26T16:31:22.894745,new,False,,,"MSG: Hi! This is Taarush, I run TK Vibes, a small web studio. I was actually looking up veterinary cares in Bengaluru last week and Dr. Paws Indiranagar kept coming up with great reviews — but I couldn't find a website, which honestly surprised me. So I went ahead and built a sample one for you. It's real, it's ready, and it's genuinely just a click away from going live. I'll send over the sample site and a short deck showing what it could do for you — no charge to look, no pressure. Would you like to see it?",whatsapp,https://wa.me/919606994627?text=Hi%21%20This%20is%20Taarush%2C%20I%20run%20TK%20Vibes%2C%20a%20small%20web%20studio.%20I%20was%20actually%20looking%20up%20veterinary%20cares%20in%20Bengaluru%20last%20week%20and%20Dr.%20Paws%20Indiranagar%20kept%20coming%20up%20with%20great%20reviews%20%E2%80%94%20but%20I%20couldn%27t%20find%20a%20website%2C%20which%20honestly%20surprised%20me.%20So%20I%20went%20ahead%20and%20built%20a%20sample%20one%20for%20you.%20It%27s%20real%2C%20it%27s%20ready%2C%20and%20it%27s%20genuinely%20just%20a%20click%20away%20from%20going%20live.%20I%27ll%20send%20over%20the%20sample%20site%20and%20a%20short%20deck%20showing%20what%20it%20could%20do%20for%20you%20%E2%80%94%20no%20charge%20to%20look%2C%20no%20pressure.%20Would%20you%20like%20to%20see%20it%3F,,,,,,,,,
ph:+919811170773,Dr Jha Dental Clinic and Implant Center,Dental Clinic,,+919811170773,,,,"E 7A, 441, Street No. 7A, near Nirankari Bhawan, Block E, Sangam Vihar, New Delhi, Delhi 110080, India",Delhi,,28.5034994,77.2456817,Monday: 7:00 AM – 11:00 PM; Tuesday: 7:00 AM – 11:00 PM; Wednesday: 7:00 AM – 11:00 PM; Thursday: 7:00 AM – 11:00 PM; Friday: 7:00 AM – 11:00 PM; Saturday: 7:00 AM – 11:00 PM; Sunday: 7:00 AM – 11:00 PM,False,,none,4.9,938,,,google_places,https://www.google.com/maps/place/?q=place_id:ChIJ5WrrXwfhDDkRxMb8LfMETpY,ChIJ5WrrXwfhDDkRxMb8LfMETpY,85,HOT,2026-08-03T14:14:36.612545,2026-09-02T14:14:36.612545,new,False,,,,phone,,Delhi NCR,India,Jashmit Bhalla,No website — losing customers to competitors with online presence | No email listed — missed lead capture opportunities | Patients search for 'dentist near me' — losing local search traffic without a site,"Lead-gen website + local SEO | Medical website with patient booking + local SEO | highlight online booking, Google reviews, and telehealth",,,,
ph:+919811119334,Sai Dental & Implant Clinic,Dental Clinic,,+919811119334,,,,"F-112, Main Road, Mohammadpur, Rama Krishna Puram, New Delhi, Delhi 110066, India",Delhi,,28.5645075,77.187286,Monday: 10:00 AM – 9:00 PM; Tuesday: 10:00 AM – 9:00 PM; Wednesday: 10:00 AM – 9:00 PM; Thursday: 10:00 AM – 9:00 PM; Friday: 10:00 AM – 9:00 PM; Saturday: 10:00 AM – 9:00 PM; Sunday: 10:00 AM – 2:00 PM,False,,none,5.0,895,,,google_places,https://www.google.com/maps/place/?q=place_id:ChIJF6KPrYUdDTkR1c-6SGnoQfc,ChIJF6KPrYUdDTkR1c-6SGnoQfc,85,HOT,2026-08-03T14:14:36.612545,2026-09-02T14:14:36.612545,new,False,,,,phone,,Delhi NCR,India,Jashmit Bhalla,No website — losing customers to competitors with online presence | No email listed — missed lead capture opportunities | Patients search for 'dentist near me' — losing local search traffic without a site,"Lead-gen website + local SEO | Medical website with patient booking + local SEO | highlight online booking, Google reviews, and telehealth",,,,
ph:+918368784559,DENTAL CLINICa,Dental Clinic,,+918368784559,,,,"Fa-99, Thokar -4, Abul Fazal Enclave, Jamia Nagar, Okhla, New Delhi, Delhi 110025, India",Delhi,,28.5550325,77.2980834,Monday: 10:00 AM – 11:00 PM; Tuesday: 10:00 AM – 11:00 PM; Wednesday: 10:00 AM – 11:00 PM; Thursday: 10:00 AM – 11:00 PM; Friday: 10:00 AM – 11:00 PM; Saturday: 10:00 AM – 11:00 PM; Sunday: 10:00 AM – 11:00 PM,False,,none,4.9,288,,,google_places,https://www.google.com/maps/place/?q=place_id:ChIJJ70UNIHlDDkR0A0o9D2uTa8,ChIJJ70UNIHlDDkR0A0o9D2uTa8,85,HOT,2026-08-03T14:14:36.613533,2026-09-02T14:14:36.613533,new,False,,,,phone,,Delhi NCR,India,Jashmit Bhalla,No website — losing customers to competitors with online presence | No email listed — missed lead capture opportunities | Patients search for 'dentist near me' — losing local search traffic without a site,"Lead-gen website + local SEO | Medical website with patient booking + local SEO | highlight online booking, Google reviews, and telehealth",,,,
ph:+919560461022,"Triveni Dental Clinic, Implant & Maxillofacial Centre",Doctor,,+919560461022,,,sharmadr.rahul@yahoo.com,"SCO 72, next to Sanjha Chulha restaurant, Huda Market, Sector 26, Sector 46, Faridabad, Haryana 121010, India",Delhi,,28.4377745,77.2983096,"Monday: 10:00 AM – 2:00 PM, 5:00 – 8:30 PM; Tuesday: 10:00 AM – 2:00 PM, 5:00 – 8:30 PM; Wednesday: 10:00 AM – 2:00 PM, 5:00 – 8:30 PM; Thursday: 10:00 AM – 2:00 PM, 5:00 – 8:30 PM; Friday: 10:00 AM – 2:00 PM, 5:00 – 8:30 PM; Saturday: 10:00 AM – 2:00 PM, 5:00 – 8:30 PM; Sunday: 10:00 AM – 2:00 PM",True,http://www.dentalfaridabad.com/,weak,4.9,221,,,google_places,https://www.google.com/maps/place/?q=place_id:ChIJORBebfDdDDkR2ptRn9Yl9dk,ChIJORBebfDdDDkR2ptRn9Yl9dk,60,WARM,2026-08-03T14:14:36.612545,2026-09-02T14:14:36.612545,new,False,,,,email,,Delhi NCR,India,Jashmit Bhalla,"Outdated/basic website — poor first impression, likely losing mobile visitors | Patients expect online booking and doctor profiles — missing without a website","Website redesign + SEO optimization | Medical website with patient booking + local SEO | highlight online booking, Google reviews, and telehealth",,,,
ph:+911141617777,Green Park Dental,Dentist,,+911141617777,,,info@greenparkdental.com,"H-4, Block H, Green Park Extension, Green Park, New Delhi, Delhi 110016, India",Delhi,,28.5598249,77.2058092,"Monday: Closed; Tuesday: 9:00 AM – 1:00 PM, 4:00 – 7:00 PM; Wednesday: 9:00 AM – 1:00 PM, 4:00 – 7:00 PM; Thursday: 9:00 AM – 1:00 PM, 4:00 – 7:00 PM; Friday: 9:00 AM – 1:00 PM, 4:00 – 7:00 PM; Saturday: 9:00 AM – 1:00 PM, 4:00 – 7:00 PM; Sunday: Closed",True,http://greenparkdental.com/,weak,4.9,2944,,,google_places,https://www.google.com/maps/place/?q=place_id:ChIJzaHo3nHiDDkR0O3Cj0tq52E,ChIJzaHo3nHiDDkR0O3Cj0tq52E,60,WARM,2026-08-03T14:14:36.612545,2026-09-02T14:14:36.612545,new,False,,,,email,,Delhi NCR,India,Jashmit Bhalla,"Outdated/basic website — poor first impression, likely losing mobile visitors | Patients search for 'dentist near me' — losing local search traffic without a site","Website redesign + SEO optimization | Medical website with patient booking + local SEO | highlight online booking, Google reviews, and telehealth",,,,
ph:+918882663577,SOUTHPOINT DENTISTRY | Dental clinic ion CGHS DGEHS DMRC & MCD panel,Dental Clinic,,+918882663577,,,dentistrysouthpoint@gmail.com,"14-B ground floor K Pocket, Sheikh Sarai phase II Near Tansport Authority of sheikh sarai, Pocket K, Phase II, Malviya Nagar, New Delhi, Delhi 110017, India",Delhi,,28.534395,77.2308571,Monday: 10:00 AM – 8:00 PM; Tuesday: 10:00 AM – 8:00 PM; Wednesday: 10:00 AM – 8:00 PM; Thursday: 10:00 AM – 8:00 PM; Friday: 10:00 AM – 8:00 PM; Saturday: 10:00 AM – 8:00 PM; Sunday: Closed,True,http://www.southpointdentistry.in/,weak,4.9,415,,,google_places,https://www.google.com/maps/place/?q=place_id:ChIJx5aE-fLhDDkRQJ--ocue5Y8,ChIJx5aE-fLhDDkRQJ--ocue5Y8,60,WARM,2026-08-03T14:14:36.613533,2026-09-02T14:14:36.613533,new,False,,,,email,,Delhi NCR,India,Jashmit Bhalla,"Outdated/basic website — poor first impression, likely losing mobile visitors | Patients search for 'dentist near me' — losing local search traffic without a site","Website redesign + SEO optimization | Medical website with patient booking + local SEO | highlight online booking, Google reviews, and telehealth",,,,
ph:+919811106377,Smile Delhi - The Dental Clinic,Dentist,,+919811106377,,,,"D-1065, Block D, Friends Colony East, New Friends Colony, New Delhi, Delhi 110065, India",Delhi,,28.5684347,77.2657059,Monday: 10:00 AM – 7:00 PM; Tuesday: 10:00 AM – 7:00 PM; Wednesday: 10:00 AM – 7:00 PM; Thursday: 10:00 AM – 7:00 PM; Friday: 10:00 AM – 7:00 PM; Saturday: 10:00 AM – 7:00 PM; Sunday: Closed,True,https://www.dentalclinicdelhi.com/?utm_source=gmb,ok,4.9,263,,,google_places,https://www.google.com/maps/place/?q=place_id:ChIJ4XkrGqLjDDkRL9AGttq-Xxk,ChIJ4XkrGqLjDDkRL9AGttq-Xxk,40,COLD,2026-08-03T14:14:36.612545,2026-09-02T14:14:36.612545,new,False,,,,phone,,Delhi NCR,India,Jashmit Bhalla,No email listed — missed lead capture opportunities | Patients search for 'dentist near me' — losing local search traffic without a site,"SEO + review generation + conversion optimization | Medical website with patient booking + local SEO | highlight online booking, Google reviews, and telehealth",,,,
ph:+919999824676,THE DENTIST DENTAL CLINIC ( CGHS Empaneled ),Dental Clinic,,+919999824676,,,,"MAIN TANKI ROAD, GALI NO.5, Badarpur, near CPS SCHOOL, Shakti Vihar, Mithapur, New Delhi, Delhi 110044, India",Delhi,,28.5002476,77.3212077,"Monday: 9:30 AM – 2:00 PM, 5:00 – 9:00 PM; Tuesday: 9:30 AM – 2:00 PM, 5:00 – 9:00 PM; Wednesday: 9:30 AM – 2:00 PM, 5:00 – 9:00 PM; Thursday: 9:30 AM – 2:00 PM, 5:00 – 9:00 PM; Friday: 9:30 AM – 2:00 PM, 5:00 – 9:00 PM; Saturday: 9:30 AM – 2:00 PM, 5:00 – 9:00 PM; Sunday: 2:00 – 8:00 PM",True,https://www.drpradeepsharma.com/,ok,5.0,310,,,google_places,https://www.google.com/maps/place/?q=place_id:ChIJ9_2u80bnDDkR1mfI6FDcV8k,ChIJ9_2u80bnDDkR1mfI6FDcV8k,40,COLD,2026-08-03T14:14:36.612545,2026-09-02T14:14:36.612545,new,False,,,,phone,,Delhi NCR,India,Jashmit Bhalla,No email listed — missed lead capture opportunities | Patients search for 'dentist near me' — losing local search traffic without a site,"SEO + review generation + conversion optimization | Medical website with patient booking + local SEO | highlight online booking, Google reviews, and telehealth",,,,
ph:+917676602626,Stunning Dentistry,Dental Clinic,,+917676602626,,,,"1st Floor, A-3, Kailash Colony, Block A, Greater Kailash, New Delhi, Delhi 110048, India",Delhi,,28.5535969,77.2438697,Monday: 9:00 AM – 9:00 PM; Tuesday: 9:00 AM – 9:00 PM; Wednesday: 9:00 AM – 9:00 PM; Thursday: 9:00 AM – 9:00 PM; Friday: 9:00 AM – 9:00 PM; Saturday: 9:00 AM – 9:00 PM; Sunday: Closed,True,https://www.stunningdentistry.com/,ok,4.6,1122,,,google_places,https://www.google.com/maps/place/?q=place_id:ChIJVVVVRTPiDDkRtS-wh-nHXZ8,ChIJVVVVRTPiDDkRtS-wh-nHXZ8,40,COLD,2026-08-03T14:14:36.612545,2026-09-02T14:14:36.612545,new,False,,,,phone,,Delhi NCR,India,Jashmit Bhalla,No email listed — missed lead capture opportunities | Patients search for 'dentist near me' — losing local search traffic without a site,"SEO + review generation + conversion optimization | Medical website with patient booking + local SEO | highlight online booking, Google reviews, and telehealth",,,,
ph:+919810524169,The Sterling Dental Clinic,Dental Clinic,,+919810524169,,,,"16-A, Palam Marg, Block B, Vasant Vihar, New Delhi, Delhi 110057, India",Delhi,,28.5674511,77.1646007,Monday: 9:00 AM – 8:00 PM; Tuesday: 9:00 AM – 8:00 PM; Wednesday: 9:00 AM – 8:00 PM; Thursday: 9:00 AM – 8:00 PM; Friday: 9:00 AM – 8:00 PM; Saturday: 9:00 AM – 8:00 PM; Sunday: 9:00 AM – 12:00 PM,True,https://www.sterlingdentalclinic.com/?utm_source=google&utm_medium=google+my+business&utm_campaign=gmb-homepage,ok,4.9,653,,,google_places,https://www.google.com/maps/place/?q=place_id:ChIJPYonm07iDDkRioDuSZTGRc8,ChIJPYonm07iDDkRioDuSZTGRc8,40,COLD,2026-08-03T14:14:36.612545,2026-09-02T14:14:36.612545,new,False,,,,phone,,Delhi NCR,India,Jashmit Bhalla,No email listed — missed lead capture opportunities | Patients search for 'dentist near me' — losing local search traffic without a site,"SEO + review generation + conversion optimization | Medical website with patient booking + local SEO | highlight online booking, Google reviews, and telehealth",,,,
ph:+918595519245,The Caring Touch,Dental Clinic,,+918595519245,,,,"R-721, Block R, Rajender Nagar Part 1, New Rajinder Nagar, New Delhi, Delhi, 110060, India",Delhi,,28.6339395,77.1805971,Monday: 10:00 AM – 8:00 PM; Tuesday: 10:00 AM – 8:00 PM; Wednesday: 10:00 AM – 8:00 PM; Thursday: 10:00 AM – 8:00 PM; Friday: 10:00 AM – 8:00 PM; Saturday: 10:00 AM – 8:00 PM; Sunday: Closed,True,https://www.thecaringtouch.in/,ok,4.9,6466,,,google_places,https://www.google.com/maps/place/?q=place_id:ChIJOX_8ursCDTkRkCUxOnfpU0M,ChIJOX_8ursCDTkRkCUxOnfpU0M,40,COLD,2026-08-03T14:14:36.612545,2026-09-02T14:14:36.612545,new,False,,,,phone,,Delhi NCR,India,Jashmit Bhalla,No email listed — missed lead capture opportunities | Patients search for 'dentist near me' — losing local search traffic without a site,"SEO + review generation + conversion optimization | Medical website with patient booking + local SEO | highlight online booking, Google reviews, and telehealth",,,,
ph:+919560553331,Delhi Dental Cosmetics,Dental Clinic,,+919560553331,,,,"2413 Basement, Hudson Ln, Kingsway Camp, GTB Nagar, Delhi, 110033, India",Delhi,,28.6960799,77.205271,"Monday: 9:30 AM – 1:30 PM, 5:00 – 8:00 PM; Tuesday: 9:30 AM – 1:30 PM, 5:00 – 8:00 PM; Wednesday: 9:30 AM – 1:30 PM, 5:00 – 8:00 PM; Thursday: 9:30 AM – 1:30 PM, 5:00 – 8:00 PM; Friday: 9:30 AM – 1:30 PM, 5:00 – 8:00 PM; Saturday: 9:30 AM – 1:30 PM, 5:00 – 8:00 PM; Sunday: Closed",True,https://delhidentalcosmetics.com/,ok,4.9,857,,,google_places,https://www.google.com/maps/place/?q=place_id:ChIJ68TtD_L9DDkRhxC3ionxQmk,ChIJ68TtD_L9DDkRhxC3ionxQmk,40,COLD,2026-08-03T14:14:36.612545,2026-09-02T14:14:36.612545,new,False,,,,phone,,Delhi NCR,India,Jashmit Bhalla,No email listed — missed lead capture opportunities | Patients search for 'dentist near me' — losing local search traffic without a site,"SEO + review generation + conversion optimization | Medical website with patient booking + local SEO | highlight online booking, Google reviews, and telehealth",,,,
ph:+919266665081,Dent Ally,Dental Clinic,,+919266665081,,,,"B-18, Balbir Saxena Marg, Block B, Gulmohar Park, New Delhi, Delhi 110049, India",Delhi,,28.5559251,77.2108287,Monday: 10:00 AM – 8:00 PM; Tuesday: 10:00 AM – 8:00 PM; Wednesday: 10:00 AM – 8:00 PM; Thursday: 10:00 AM – 8:00 PM; Friday: 10:00 AM – 8:00 PM; Saturday: 10:00 AM – 8:00 PM; Sunday: Closed,True,https://dentally.in/,ok,4.9,407,,,google_places,https://www.google.com/maps/place/?q=place_id:ChIJJfpJYmziDDkRytu6XFz0qGQ,ChIJJfpJYmziDDkRytu6XFz0qGQ,40,COLD,2026-08-03T14:14:36.612545,2026-09-02T14:14:36.612545,new,False,,,,phone,,Delhi NCR,India,Jashmit Bhalla,No email listed — missed lead capture opportunities | Patients search for 'dentist near me' — losing local search traffic without a site,"SEO + review generation + conversion optimization | Medical website with patient booking + local SEO | highlight online booking, Google reviews, and telehealth",,,,
ph:+919711260434,Healthy Smiles Dental Clinic,Dental Clinic,,+919711260434,,,,"124/5A, Shaheed Jeet Singh Marg, near Qutab Institutional Area, Naraina, Block A, Katwaria Sarai, New Delhi, Delhi 110016, India",Delhi,,28.5403622,77.1858535,Monday: 9:30 AM – 9:00 PM; Tuesday: 9:30 AM – 9:00 PM; Wednesday: 9:30 AM – 9:00 PM; Thursday: 9:30 AM – 9:00 PM; Friday: 9:30 AM – 9:00 PM; Saturday: 9:30 AM – 9:00 PM; Sunday: 9:30 AM – 9:00 PM,True,https://healthysmilesdentalclinics.com/,ok,4.9,463,,,google_places,https://www.google.com/maps/place/?q=place_id:ChIJIRnGgPAdDTkRD0y4RitXsME,ChIJIRnGgPAdDTkRD0y4RitXsME,40,COLD,2026-08-03T14:14:36.612545,2026-09-02T14:14:36.612545,new,False,,,,phone,,Delhi NCR,India,Jashmit Bhalla,No email listed — missed lead capture opportunities | Patients search for 'dentist near me' — losing local search traffic without a site,"SEO + review generation + conversion optimization | Medical website with patient booking + local SEO | highlight online booking, Google reviews, and telehealth",,,,
ph:+919910504444,Smile dental care,Dentist,,+919910504444,,,,"Bada, 69- C, Gurudwara Rd, Gautam Nagar, New Delhi, Delhi 110049, India",Delhi,,28.5609879,77.212148,Monday: Open 24 hours; Tuesday: Open 24 hours; Wednesday: Open 24 hours; Thursday: Open 24 hours; Friday: Open 24 hours; Saturday: Open 24 hours; Sunday: Open 24 hours,True,https://www.eka.care/doctor/anupam?utm_campaign=112022&utm_medium=website&utm_source=gmb,ok,4.9,939,,,google_places,https://www.google.com/maps/place/?q=place_id:ChIJt0VgSWniDDkRN_wca91TQsg,ChIJt0VgSWniDDkRN_wca91TQsg,40,COLD,2026-08-03T14:14:36.613533,2026-09-02T14:14:36.613533,new,False,,,,phone,,Delhi NCR,India,Jashmit Bhalla,No email listed — missed lead capture opportunities | Patients search for 'dentist near me' — losing local search traffic without a site,"SEO + review generation + conversion optimization | Medical website with patient booking + local SEO | highlight online booking, Google reviews, and telehealth",,,,
ph:+919310037715,Oraa Care Smile Dental Clinic,Dental Clinic,,+919310037715,,,,"Goma Plaza, E-516, Ramphal Chowk Rd, Block E, Sector 7 Dwarka, Palam, New Delhi, Delhi, 110075, India",Delhi,,28.5850012,77.0720511,Monday: 10:00 AM – 9:00 PM; Tuesday: 10:00 AM – 9:00 PM; Wednesday: 10:00 AM – 8:30 PM; Thursday: 10:00 AM – 8:30 PM; Friday: 10:00 AM – 8:30 PM; Saturday: 10:00 AM – 9:00 PM; Sunday: 10:00 AM – 9:00 PM,True,https://drraodentalclinic.com/,ok,4.9,945,,,google_places,https://www.google.com/maps/place/?q=place_id:ChIJbZFgQBYbDTkR4aXX98cHAeo,ChIJbZFgQBYbDTkR4aXX98cHAeo,40,COLD,2026-08-03T14:14:36.613533,2026-09-02T14:14:36.613533,new,False,,,,phone,,Delhi NCR,India,Jashmit Bhalla,No email listed — missed lead capture opportunities | Patients search for 'dentist near me' — losing local search traffic without a site,"SEO + review generation + conversion optimization | Medical website with patient booking + local SEO | highlight online booking, Google reviews, and telehealth",,,,
ph:+919810015577,GEETANJALI DENTAL OPTIONS,Dental Clinic,,+919810015577,,,,"B17 Ground floor,Geetanjali Enclave,Malviya Nagar Main Panchsheel Shivalik, Best Dentist Implantologist Root Canal Specialist, Geetanjali Marg, opposite MMTC Road, Shivalik Enclave, Block B, Market, Malviya Nagar, New Delhi, Delhi 110017, India",Delhi,,28.5321231,77.2026607,Monday: 9:30 AM – 8:30 PM; Tuesday: 9:30 AM – 8:30 PM; Wednesday: 9:30 AM – 8:30 PM; Thursday: 10:30 AM – 1:00 PM; Friday: 9:30 AM – 8:30 PM; Saturday: 9:30 AM – 8:30 PM; Sunday: 9:00 AM – 8:30 PM,True,https://geetanjalidental.in/?utm_source=GMB&utm_medium=organic,ok,4.9,1451,,,google_places,https://www.google.com/maps/place/?q=place_id:ChIJuaJhWwLiDDkRCeeK4UxoWL8,ChIJuaJhWwLiDDkRCeeK4UxoWL8,40,COLD,2026-08-03T14:14:36.613533,2026-09-02T14:14:36.613533,new,False,,,,phone,,Delhi NCR,India,Jashmit Bhalla,No email listed — missed lead capture opportunities | Patients search for 'dentist near me' — losing local search traffic without a site,"SEO + review generation + conversion optimization | Medical website with patient booking + local SEO | highlight online booking, Google reviews, and telehealth",,,,
ph:+919910944124,Mikael Dental,Dentist,,+919910944124,,,,"7317-7318, opposite Fauji Dhaba, Ram Nagar Market, Aram Nagar, Paharganj, New Delhi, Delhi, 110055, India",Delhi,,28.6488206,77.2177479,Monday: Open 24 hours; Tuesday: Open 24 hours; Wednesday: Open 24 hours; Thursday: Open 24 hours; Friday: Open 24 hours; Saturday: Open 24 hours; Sunday: Open 24 hours,True,https://mikaeldental.in/,ok,4.9,969,,,google_places,https://www.google.com/maps/place/?q=place_id:ChIJczNBgZb9DDkRdcc-g1kvFTE,ChIJczNBgZb9DDkRdcc-g1kvFTE,40,COLD,2026-08-03T14:14:36.613533,2026-09-02T14:14:36.613533,new,False,,,,phone,,Delhi NCR,India,Jashmit Bhalla,No email listed — missed lead capture opportunities | Patients search for 'dentist near me' — losing local search traffic without a site,"SEO + review generation + conversion optimization | Medical website with patient booking + local SEO | highlight online booking, Google reviews, and telehealth",,,,
ph:+919818331692,MADAN'S MULTI-SPECIALITY DENTAL CARE CENTRE,Dental Clinic,,+919818331692,,,,"K -35, b, Firoz Gandhi Marg, Block K, Lajpat Nagar II, Lajpat Nagar, New Delhi, Delhi 110024, India",Delhi,,28.5677561,77.2438405,Monday: 10:30 AM – 8:00 PM; Tuesday: 10:30 AM – 8:00 PM; Wednesday: 10:30 AM – 8:00 PM; Thursday: 10:30 AM – 8:00 PM; Friday: 10:30 AM – 8:00 PM; Saturday: 10:30 AM – 8:00 PM; Sunday: Closed,True,https://madandental.in/,ok,4.9,1625,,,google_places,https://www.google.com/maps/place/?q=place_id:ChIJfzgRfbLjDDkRTYRjfP5O0bw,ChIJfzgRfbLjDDkRTYRjfP5O0bw,40,COLD,2026-08-03T14:14:36.613533,2026-09-02T14:14:36.613533,new,False,,,,phone,,Delhi NCR,India,Jashmit Bhalla,No email listed — missed lead capture opportunities | Patients search for 'dentist near me' — losing local search traffic without a site,"SEO + review generation + conversion optimization | Medical website with patient booking + local SEO | highlight online booking, Google reviews, and telehealth",,,,
ph:+919811501995,"Orion Dental Clinic, Greater Kailash 1, South Delhi",Dental Clinic,,+919811501995,,,,"Basement, E-75, Greater Kailash-1, Greater Kailash Enclave I, Greater Kailash, New Delhi, Delhi 110048, India",Delhi,,28.54482,77.241846,Monday: 9:30 AM – 9:00 PM; Tuesday: 9:30 AM – 9:00 PM; Wednesday: 9:30 AM – 9:00 PM; Thursday: 9:30 AM – 9:00 PM; Friday: 9:30 AM – 9:00 PM; Saturday: 9:30 AM – 9:00 PM; Sunday: Closed,True,https://www.oriondentalcare.com/,ok,4.9,765,,,google_places,https://www.google.com/maps/place/?q=place_id:ChIJ4QNrls3jDDkRFjkpIMpwOyg,ChIJ4QNrls3jDDkRFjkpIMpwOyg,40,COLD,2026-08-03T14:14:36.613533,2026-09-02T14:14:36.613533,new,False,,,,phone,,Delhi NCR,India,Jashmit Bhalla,No email listed — missed lead capture opportunities | Patients search for 'dentist near me' — losing local search traffic without a site,"SEO + review generation + conversion optimization | Medical website with patient booking + local SEO | highlight online booking, Google reviews, and telehealth",,,,
ph:+919310054707,Pooja Dental Clinic,Dental Clinic,,+919310054707,,,,"#20, Central Market Opposite Community Hall DDA Flats Market, DDA Flats Kalkaji, Block L 2, Kalkaji, New Delhi, Delhi 110019, India",Delhi,,28.5305615,77.256868,"Monday: 9:00 AM – 12:30 PM, 4:00 – 7:30 PM; Tuesday: 9:00 AM – 12:30 PM, 4:00 – 7:30 PM; Wednesday: 9:00 AM – 12:30 PM, 4:00 – 7:30 PM; Thursday: 9:00 AM – 12:30 PM, 4:00 – 7:30 PM; Friday: 9:00 AM – 12:30 PM, 4:00 – 7:30 PM; Saturday: 9:00 AM – 12:30 PM, 4:00 – 7:30 PM; Sunday: 9:00 AM – 12:30 PM",False,,none,4.9,1218,,,google_places,https://www.google.com/maps/place/?q=place_id:ChIJYzoW_mPhDDkRZIxVRNQEwJw,ChIJYzoW_mPhDDkRZIxVRNQEwJw,85,HOT,2026-08-03T14:34:57.358710,2026-09-02T14:34:57.358710,new,False,,,,phone,,Delhi NCR,India,Jashmit Bhalla,No website — losing customers to competitors with online presence | No email listed — missed lead capture opportunities | Patients search for 'dentist near me' — losing local search traffic without a site,"Lead-gen website + local SEO | Medical website with patient booking + local SEO | highlight online booking, Google reviews, and telehealth",,,,
ph:+918750028700,Sharda Dental Planet (Multi speciality Dental Clinic),Dental Clinic,,+918750028700,,,,"1st Floor, Infront Of dominos, Raju Park, A-166, Devli Rd, near Wine And Beer Shop, Pocket B, Jawahar Park, Khanpur, New Delhi, Delhi 110080, India",Delhi,,28.5055253,77.2320137,"Monday: 10:00 AM – 2:00 PM, 5:00 – 9:30 PM; Tuesday: 10:00 AM – 2:00 PM, 5:00 – 9:30 PM; Wednesday: 10:00 AM – 2:00 PM, 5:00 – 9:30 PM; Thursday: 10:00 AM – 2:00 PM, 5:00 – 9:30 PM; Friday: 10:00 AM – 2:00 PM, 5:00 – 9:30 PM; Saturday: 10:00 AM – 2:00 PM, 5:00 – 9:30 PM; Sunday: 10:00 AM – 2:00 PM, 5:00 – 9:30 PM",False,,none,4.9,220,,,google_places,https://www.google.com/maps/place/?q=place_id:ChIJO3J1W4LhDDkRUVMjBYTpcYM,ChIJO3J1W4LhDDkRUVMjBYTpcYM,85,HOT,2026-08-03T14:34:57.358710,2026-09-02T14:34:57.358710,new,False,,,,phone,,Delhi NCR,India,Jashmit Bhalla,No website — losing customers to competitors with online presence | No email listed — missed lead capture opportunities | Patients search for 'dentist near me' — losing local search traffic without a site,"Lead-gen website + local SEO | Medical website with patient booking + local SEO | highlight online booking, Google reviews, and telehealth",,,,
ph:+919711220152,Delhi Clinic,Doctor,,+919711220152,,,,"180, K-Block, Mongolpuri, Mangolpuri, New Delhi, Delhi, 110083, India",Delhi,,28.6967388,77.0839804,Monday: Open 24 hours; Tuesday: Open 24 hours; Wednesday: Open 24 hours; Thursday: Open 24 hours; Friday: Open 24 hours; Saturday: Open 24 hours; Sunday: Open 24 hours,False,,none,5.0,35,,,google_places,https://www.google.com/maps/place/?q=place_id:ChIJGRBBZlUdDTkRjnxADIqb0bo,ChIJGRBBZlUdDTkRjnxADIqb0bo,85,HOT,2026-08-03T14:34:58.933780,2026-09-02T14:34:58.933780,new,False,,,,phone,,Delhi NCR,India,Jashmit Bhalla,No website — losing customers to competitors with online presence | No email listed — missed lead capture opportunities | Patients expect online booking and doctor profiles — missing without a website,"Lead-gen website + local SEO | Medical website with patient booking + local SEO | highlight online booking, Google reviews, and telehealth",,,,
ph:+919639496144,FAMILY HEALTH CARE CLINIC,Doctor,,+919639496144,,,,"F 125, Old Bank Wali Gali, near Turkana Kuan, Chatri Wala Kuan, Lado Sarai, New Delhi, Delhi 110030, India",Delhi,,28.5262995,77.1924328,Monday: 9:00 AM – 10:00 PM; Tuesday: 9:00 AM – 10:00 PM; Wednesday: 9:00 AM – 10:00 PM; Thursday: 9:00 AM – 10:00 PM; Friday: 9:00 AM – 10:00 PM; Saturday: 9:00 AM – 10:00 PM; Sunday: 9:00 AM – 10:00 PM,False,,none,4.5,11,,,google_places,https://www.google.com/maps/place/?q=place_id:ChIJG4tNIlkfDTkRtIzARNAVMbg,ChIJG4tNIlkfDTkRtIzARNAVMbg,85,HOT,2026-08-03T14:34:58.933780,2026-09-02T14:34:58.933780,new,False,,,,phone,,Delhi NCR,India,Jashmit Bhalla,No website — losing customers to competitors with online presence | No email listed — missed lead capture opportunities | Patients expect online booking and doctor profiles — missing without a website,"Lead-gen website + local SEO | Medical website with patient booking + local SEO | highlight online booking, Google reviews, and telehealth",,,,
ph:+919958338165,Dr.Md Nasir (MBBS),Doctor,,+919958338165,,,,"Kalkaji, New Delhi, Delhi 110019, India",Delhi,,28.5346916,77.2601742,,False,,none,5.0,79,,,google_places,https://www.google.com/maps/place/?q=place_id:ChIJbSFCxanhDDkRMolRaeEh7iA,ChIJbSFCxanhDDkRMolRaeEh7iA,85,HOT,2026-08-03T14:34:58.933780,2026-09-02T14:34:58.933780,new,False,,,,phone,,Delhi NCR,India,Jashmit Bhalla,No website — losing customers to competitors with online presence | No email listed — missed lead capture opportunities | Patients expect online booking and doctor profiles — missing without a website,"Lead-gen website + local SEO | Medical website with patient booking + local SEO | highlight online booking, Google reviews, and telehealth",,,,
ph:+918929594415,India healthcare centre (Dr i khan clinic),Doctor,,+918929594415,,,,"25, foota road, Block G, Jaitpur Extension Part II, Khadda Colony, Jaitpur, New Delhi, Delhi 110044, India",Delhi,,28.5122153,77.3354494,Monday: 8:00 – 11:30 PM; Tuesday: 8:00 – 11:30 PM; Wednesday: 8:00 – 11:30 PM; Thursday: 8:00 – 11:30 PM; Friday: 8:00 – 11:30 PM; Saturday: Closed; Sunday: 8:00 – 11:30 PM,False,,none,5.0,5,,,google_places,https://www.google.com/maps/place/?q=place_id:ChIJSwJ-WADnDDkRyuDbiqYcd3A,ChIJSwJ-WADnDDkRyuDbiqYcd3A,80,HOT,2026-08-03T14:34:58.933780,2026-09-02T14:34:58.933780,new,False,,,,phone,,Delhi NCR,India,Jashmit Bhalla,No website — losing customers to competitors with online presence | No email listed — missed lead capture opportunities | Patients expect online booking and doctor profiles — missing without a website,"Lead-gen website + local SEO | Medical website with patient booking + local SEO | highlight online booking, Google reviews, and telehealth",,,,
ph:+918210605717,"DR.SHEMAB ALAM , MBBS , PGDCC, EX RESIDENT :- VMMC & SAFDARJUNG HOSPITAL,NEW DELHI)",Medical Clinic,,+918210605717,,,,"no. 5, Tajpur Rd, opposite SHUBHAM GARDEN, Block G, Molar band Extension, Badarpur, New Delhi, Delhi 110049, India",Delhi,,28.4925428,77.308445,Monday: 3:00 – 10:30 PM; Tuesday: 3:00 – 10:30 PM; Wednesday: 3:00 – 10:30 PM; Thursday: 3:00 – 10:30 PM; Friday: 3:00 – 10:30 PM; Saturday: 3:00 – 10:30 PM; Sunday: 3:00 – 10:30 PM,False,,none,5.0,8,,,google_places,https://www.google.com/maps/place/?q=place_id:ChIJw0qbYgDnDDkRf306v62adig,ChIJw0qbYgDnDDkRf306v62adig,80,HOT,2026-08-03T14:34:58.933780,2026-09-02T14:34:58.933780,new,False,,,,phone,,Delhi NCR,India,Jashmit Bhalla,No website — losing customers to competitors with online presence | No email listed — missed lead capture opportunities | Patients expect online booking and doctor profiles — missing without a website,"Lead-gen website + local SEO | Medical website with patient booking + local SEO | highlight online booking, Google reviews, and telehealth",,,,
ph:+918010233992,The Physician Clinique,Medical Clinic,,+918010233992,,,,"F77X+2JJ, Greenfields, Sector 42, Faridabad, Haryana 121010, India",Delhi,,28.4625785,77.2990198,Monday: 9:00 AM – 10:00 PM; Tuesday: 9:00 AM – 10:00 PM; Wednesday: 9:00 AM – 10:00 PM; Thursday: 9:00 AM – 10:00 PM; Friday: 9:00 AM – 10:00 PM; Saturday: 9:00 AM – 10:00 PM; Sunday: Closed,False,,none,5.0,1,,,google_places,https://www.google.com/maps/place/?q=place_id:ChIJ42ebkEXnDDkRI3oHlR-2iZo,ChIJ42ebkEXnDDkRI3oHlR-2iZo,75,HOT,2026-08-03T14:34:58.933780,2026-09-02T14:34:58.933780,new,False,,,,phone,,Delhi NCR,India,Jashmit Bhalla,No website — losing customers to competitors with online presence | Very few reviews — potential customers find it hard to trust | No email listed — missed lead capture opportunities,"Lead-gen website + local SEO | Medical website with patient booking + local SEO | highlight online booking, Google reviews, and telehealth",,,,
ph:+918383066491,"Dr. Ravi kumar Shah I Physician I MD (AIIMS, New Delhi)",Doctor,,+918383066491,,,ravisah76@gmail.com,"Shop no 248, Basement, Main Rd, opposite to cinderella Farm, nearby Nanda Hospital Gate, Block A1, Chhatarpur Extension, Chhatarpur, New Delhi, Delhi 110074, India",Delhi,,28.4938501,77.1844526,Monday: 9:00 AM – 9:30 PM; Tuesday: 9:00 AM – 9:30 PM; Wednesday: 9:00 AM – 9:30 PM; Thursday: 9:00 AM – 9:30 PM; Friday: 9:00 AM – 9:30 PM; Saturday: 9:00 AM – 9:30 PM; Sunday: 9:00 AM – 9:00 PM,True,http://drravikumarshah.in/,weak,5.0,576,,,google_places,https://www.google.com/maps/place/?q=place_id:ChIJd8OJoB09DTkRIZPzHCBAo6Y,ChIJd8OJoB09DTkRIZPzHCBAo6Y,60,WARM,2026-08-03T14:34:58.933780,2026-09-02T14:34:58.933780,new,False,,,,email,,Delhi NCR,India,Jashmit Bhalla,"Outdated/basic website — poor first impression, likely losing mobile visitors | Patients expect online booking and doctor profiles — missing without a website","Website redesign + SEO optimization | Medical website with patient booking + local SEO | highlight online booking, Google reviews, and telehealth",,,,
ph:+919818169355,Health City Clinic,Medical Clinic,,+919818169355,,,,"Dharavir, Landmark, police station, market, behind Badarpur, Budh Vihar Colony, Tajpur Pahari Village, New Delhi, Delhi 110044, India",Delhi,,28.4948053,77.3051119,Monday: 8:00 AM – 10:00 PM; Tuesday: 8:00 AM – 10:00 PM; Wednesday: 8:00 AM – 10:00 PM; Thursday: 8:00 AM – 10:00 PM; Friday: 8:00 AM – 10:00 PM; Saturday: 8:00 AM – 10:00 PM; Sunday: 8:00 AM – 10:00 PM,False,,none,4.7,49,,,google_places,https://www.google.com/maps/place/?q=place_id:ChIJP51jaN_mDDkRJ5yGGkhPHKQ,ChIJP51jaN_mDDkRJ5yGGkhPHKQ,85,HOT,2026-08-03T14:36:19.869335,2026-09-02T14:36:19.869335,new,False,,,,phone,,Delhi NCR,India,Jashmit Bhalla,No website — losing customers to competitors with online presence | No email listed — missed lead capture opportunities | Patients expect online booking and doctor profiles — missing without a website,"Lead-gen website + local SEO | Medical website with patient booking + local SEO | highlight online booking, Google reviews, and telehealth",,,,
ph:+919220717022,Dhruvika Medicare Center | Best Physician in Faridabad | Best Diabetologist in Faridabad,Medical Clinic,,+919220717022,,,,"Shop no.16, Huda Market, Sector 26, Sector 46, Faridabad, Haryana 121010, India",Delhi,,28.4368609,77.2987581,Monday: 6:00 – 9:00 PM; Tuesday: 6:00 – 9:00 PM; Wednesday: 6:00 – 9:00 PM; Thursday: 6:00 – 9:00 PM; Friday: 6:00 – 9:00 PM; Saturday: 6:00 – 9:00 PM; Sunday: Closed,False,,none,5.0,210,,,google_places,https://www.google.com/maps/place/?q=place_id:ChIJeSA7X_vdDDkRkcUjxxJDf34,ChIJeSA7X_vdDDkRkcUjxxJDf34,85,HOT,2026-08-03T14:36:19.869335,2026-09-02T14:36:19.869335,new,False,,,,phone,,Delhi NCR,India,Jashmit Bhalla,No website — losing customers to competitors with online presence | No email listed — missed lead capture opportunities | Patients expect online booking and doctor profiles — missing without a website,"Lead-gen website + local SEO | Medical website with patient booking + local SEO | highlight online booking, Google reviews, and telehealth",,,,
ph:+918448496879,Sunrise Medical centre,Medical Clinic,,+918448496879,,,,"shop no.2, 381/1, Jaitpur Rd, Pir Baba Basti, Saurabh Vihar, Jaitpur, New Delhi, Delhi 110044, India",Delhi,,28.5060525,77.3272206,"Monday: 9:00 AM – 1:00 PM, 4:00 – 9:00 PM; Tuesday: 9:00 AM – 1:00 PM, 4:00 – 9:00 PM; Wednesday: 9:00 AM – 1:00 PM, 4:00 – 9:00 PM; Thursday: 9:00 AM – 1:00 PM, 4:00 – 9:00 PM; Friday: 9:00 AM – 1:00 PM, 4:00 – 9:00 PM; Saturday: 9:00 AM – 1:00 PM, 4:00 – 9:00 PM; Sunday: 9:00 AM – 1:00 PM, 5:00 – 10:00 PM",False,,none,5.0,16,,,google_places,https://www.google.com/maps/place/?q=place_id:ChIJp-oacQDnDDkRp7Qi3SFDngI,ChIJp-oacQDnDDkRp7Qi3SFDngI,85,HOT,2026-08-03T14:36:19.869335,2026-09-02T14:36:19.869335,new,False,,,,phone,,Delhi NCR,India,Jashmit Bhalla,No website — losing customers to competitors with online presence | No email listed — missed lead capture opportunities | Patients expect online booking and doctor profiles — missing without a website,"Lead-gen website + local SEO | Medical website with patient booking + local SEO | highlight online booking, Google reviews, and telehealth",,,,
ph:+919810329677,Anand Medical Center - Best General Physician | Best Pediatrician | Best Skin Specialist | Best Hospital Jaitpur Badarpur,Medical Center,,+919810329677,,,,"Shop No - 9 - R Block Saurabh Vihar, Nala Road Jaitpur, Hari Nagar Extn, Saurabh Vihar, Badarpur, New Delhi, Delhi 110044, India",Delhi,,28.5080126,77.3194556,"Monday: 9:30 AM – 1:00 PM, 5:30 – 8:30 PM; Tuesday: 9:30 AM – 1:00 PM, 5:30 – 8:30 PM; Wednesday: 9:30 AM – 1:00 PM, 5:30 – 8:30 PM; Thursday: 9:30 AM – 1:00 PM, 5:30 – 8:30 PM; Friday: 9:30 AM – 1:00 PM, 5:30 – 8:30 PM; Saturday: 9:30 AM – 1:00 PM, 5:30 – 8:30 PM; Sunday: 9:30 AM – 1:00 PM",False,,none,4.5,148,,,google_places,https://www.google.com/maps/place/?q=place_id:ChIJAZ26lO_mDDkRmscjfKylgsI,ChIJAZ26lO_mDDkRmscjfKylgsI,85,HOT,2026-08-03T14:36:19.869335,2026-09-02T14:36:19.869335,new,False,,,,phone,,Delhi NCR,India,Jashmit Bhalla,No website — losing customers to competitors with online presence | No email listed — missed lead capture opportunities | Patients expect online booking and doctor profiles — missing without a website,"Lead-gen website + local SEO | Medical website with patient booking + local SEO | highlight online booking, Google reviews, and telehealth",,,,
ph:+919891052729,India Health Centre,Doctor,,+919891052729,,,,"100D, Ismailpur Rd, Ekta Vihar, Jaitpur, New Delhi, Delhi 110044, India",Delhi,,28.5034022,77.3284804,"Monday: 10:30 AM – 2:00 PM, 6:30 – 10:00 PM; Tuesday: 10:30 AM – 2:00 PM, 6:30 – 10:00 PM; Wednesday: 10:30 AM – 2:00 PM, 6:30 – 10:00 PM; Thursday: 10:30 AM – 2:00 PM, 6:30 – 10:00 PM; Friday: 10:30 AM – 2:00 PM, 6:30 – 10:00 PM; Saturday: 10:30 AM – 2:00 PM; Sunday: 10:30 AM – 2:00 PM, 6:30 – 10:00 PM",False,,none,4.7,18,,,google_places,https://www.google.com/maps/place/?q=place_id:ChIJCWEAFvnmDDkRb_pnwDk6E7w,ChIJCWEAFvnmDDkRb_pnwDk6E7w,85,HOT,2026-08-03T14:36:19.869335,2026-09-02T14:36:19.869335,new,False,,,,phone,,Delhi NCR,India,Jashmit Bhalla,No website — losing customers to competitors with online presence | No email listed — missed lead capture opportunities | Patients expect online booking and doctor profiles — missing without a website,"Lead-gen website + local SEO | Medical website with patient booking + local SEO | highlight online booking, Google reviews, and telehealth",,,,
ph:+919803633454,Jeevan Health Care Centre,Medical Clinic,,+919803633454,,,,"252, Tughlakabad Extension, Tughlakabad, New Delhi, Delhi 110019, India",Delhi,,28.520506,77.2536455,Monday: Open 24 hours; Tuesday: Open 24 hours; Wednesday: Open 24 hours; Thursday: Open 24 hours; Friday: Open 24 hours; Saturday: Open 24 hours; Sunday: Open 24 hours,False,,none,4.3,12,,,google_places,https://www.google.com/maps/place/?q=place_id:ChIJhfIxtWjhDDkRvnbmQKtR_3Y,ChIJhfIxtWjhDDkRvnbmQKtR_3Y,85,HOT,2026-08-03T14:36:19.869335,2026-09-02T14:36:19.869335,new,False,,,,phone,,Delhi NCR,India,Jashmit Bhalla,No website — losing customers to competitors with online presence | No email listed — missed lead capture opportunities | Patients expect online booking and doctor profiles — missing without a website,"Lead-gen website + local SEO | Medical website with patient booking + local SEO | highlight online booking, Google reviews, and telehealth",,,,
ph:+919654813100,Amit Malik Advocate,Attorney,,+919654813100,,,,"9 69, Block 9, Subhash Nagar, New Delhi, Delhi, 110027, India",Delhi,,28.6364713,77.1190665,Monday: Open 24 hours; Tuesday: Open 24 hours; Wednesday: Open 24 hours; Thursday: Open 24 hours; Friday: Open 24 hours; Saturday: Open 24 hours; Sunday: Open 24 hours,False,,none,4.9,310,,,google_places,https://www.google.com/maps/place/?q=place_id:ChIJMwDDD2oDDTkRPgBo9z0Nao0,ChIJMwDDD2oDDTkRPgBo9z0Nao0,85,HOT,2026-08-03T14:36:20.646128,2026-09-02T14:36:20.646128,new,False,,,,phone,,Delhi NCR,India,Jashmit Bhalla,No website — losing customers to competitors with online presence | No email listed — missed lead capture opportunities,Lead-gen website + local SEO | Professional legal website with trust signals + case studies + SEO,,,,
ph:+911294162669,"DB Law Offices | Chamber of D. Bhattacharya, Advocate",Attorney,,+911294162669,,,,"Office No. 700 - C, 07th Floor, SRS Tower Mathura Road, Sector - 31, Near Mewala Maharajpur Metro Station Faridabad, Delhi NCR Delhi, Sector 31, Faridabad, Haryana 121003, India",Delhi,,28.4469809,77.3084173,Monday: 9:00 AM – 7:30 PM; Tuesday: 9:00 AM – 7:30 PM; Wednesday: 9:00 AM – 7:30 PM; Thursday: 9:00 AM – 7:30 PM; Friday: 9:00 AM – 7:30 PM; Saturday: 9:00 AM – 7:30 PM; Sunday: Closed,False,,none,4.1,55,,,google_places,https://www.google.com/maps/place/?q=place_id:ChIJ____L4gdDTkRcLJ0YwN8qo8,ChIJ____L4gdDTkRcLJ0YwN8qo8,85,HOT,2026-08-03T14:36:21.415568,2026-09-02T14:36:21.415568,new,False,,,,phone,,Delhi NCR,India,Jashmit Bhalla,No website — losing customers to competitors with online presence | No email listed — missed lead capture opportunities,Lead-gen website + local SEO | Professional legal website with trust signals + case studies + SEO,,,,
ph:+919205033659,Medi clinic,Medical Clinic,,+919205033659,,,,"Near ana ratnam, Rzf 111, Mittal Colony, Pul Pehladpur, New Delhi, Delhi 110044, India",Delhi,,28.4974504,77.2967044,Monday: Open 24 hours; Tuesday: Open 24 hours; Wednesday: Open 24 hours; Thursday: Open 24 hours; Friday: Open 24 hours; Saturday: Open 24 hours; Sunday: Open 24 hours,False,,none,5.0,4,,,google_places,https://www.google.com/maps/place/?q=place_id:ChIJtwjFQdfmDDkRqsx3ClUJp94,ChIJtwjFQdfmDDkRqsx3ClUJp94,80,HOT,2026-08-03T14:36:19.869335,2026-09-02T14:36:19.869335,new,False,,,,phone,,Delhi NCR,India,Jashmit Bhalla,No website — losing customers to competitors with online presence | Very few reviews — potential customers find it hard to trust | No email listed — missed lead capture opportunities,"Lead-gen website + local SEO | Medical website with patient booking + local SEO | highlight online booking, Google reviews, and telehealth",,,,
ph:+919523642844,Sahara Health Care,Medical Clinic,,+919523642844,,,,"C-298, 60 Feet Rd, Sharma Market, Block A, Pul Pehladpur, New Delhi, Delhi 110044, India",Delhi,,28.4983311,77.2937627,"Monday: 7:00 AM – 1:00 PM, 4:00 – 10:00 PM; Tuesday: 7:00 AM – 1:00 PM, 4:00 – 10:00 PM; Wednesday: 7:00 AM – 1:00 PM, 4:00 – 10:00 PM; Thursday: 7:00 AM – 1:00 PM, 4:00 – 10:00 PM; Friday: 7:00 AM – 12:30 PM, 4:00 – 10:00 PM; Saturday: 7:00 AM – 1:00 PM, 4:00 – 10:00 PM; Sunday: 5:00 – 10:00 PM",False,,none,5.0,6,,,google_places,https://www.google.com/maps/place/?q=place_id:ChIJDd0oopXnDDkRaVUKGinMHvM,ChIJDd0oopXnDDkRaVUKGinMHvM,80,HOT,2026-08-03T14:36:19.869335,2026-09-02T14:36:19.869335,new,False,,,,phone,,Delhi NCR,India,Jashmit Bhalla,No website — losing customers to competitors with online presence | No email listed — missed lead capture opportunities | Patients expect online booking and doctor profiles — missing without a website,"Lead-gen website + local SEO | Medical website with patient booking + local SEO | highlight online booking, Google reviews, and telehealth",,,,
ph:+919990092448,HEALTH CARE CLINIC,Medical Clinic,,+919990092448,,,,"H 456, Jaitpur Extension Part II, Khadda Colony, Jaitpur, New Delhi, Delhi 110044, India",Delhi,,28.5140419,77.3345097,"Monday: 10:00 AM – 2:00 PM, 5:00 – 11:00 PM; Tuesday: 10:00 AM – 2:00 PM, 5:00 – 11:00 PM; Wednesday: 10:00 AM – 2:00 PM, 5:00 – 11:00 PM; Thursday: 10:00 AM – 2:00 PM, 5:00 – 11:00 PM; Friday: 10:00 AM – 2:00 PM, 5:00 – 11:00 PM; Saturday: 10:00 AM – 2:00 PM, 5:00 – 11:00 PM; Sunday: 10:00 AM – 2:00 PM, 5:00 – 11:00 PM",False,,none,5.0,6,,,google_places,https://www.google.com/maps/place/?q=place_id:ChIJfdDAzFjmDDkRAAAAcDoQoxE,ChIJfdDAzFjmDDkRAAAAcDoQoxE,80,HOT,2026-08-03T14:36:19.869335,2026-09-02T14:36:19.869335,new,False,,,,phone,,Delhi NCR,India,Jashmit Bhalla,No website — losing customers to competitors with online presence | No email listed — missed lead capture opportunities | Patients expect online booking and doctor profiles — missing without a website,"Lead-gen website + local SEO | Medical website with patient booking + local SEO | highlight online booking, Google reviews, and telehealth",,,,
ph:+917906988290,Delhi Medical Centre,Medical Clinic,,+917906988290,,,,"D30, Block B, South East Delhi, Ekta Vihar, Ismailpur, Delhi, New Delhi, Haryana 110044, India",Delhi,,28.500195,77.33154,Monday: Open 24 hours; Tuesday: Open 24 hours; Wednesday: Open 24 hours; Thursday: Open 24 hours; Friday: Open 24 hours; Saturday: Open 24 hours; Sunday: Open 24 hours,False,,none,3.5,2,,,google_places,https://www.google.com/maps/place/?q=place_id:ChIJEShTdQHnDDkRKfn6NJugOnA,ChIJEShTdQHnDDkRKfn6NJugOnA,75,HOT,2026-08-03T14:36:19.869335,2026-09-02T14:36:19.869335,new,False,,,,phone,,Delhi NCR,India,Jashmit Bhalla,No website — losing customers to competitors with online presence | Very few reviews — potential customers find it hard to trust | No email listed — missed lead capture opportunities,"Lead-gen website + local SEO | Medical website with patient booking + local SEO | highlight online booking, Google reviews, and telehealth",,,,
ph:+919818555259,"Shrikant Samantara Law Associates Lawyers in Delhi, India for property, immigration, money recovery, and other legal issues.",Consultant,,+919818555259,,,,"78, LGF, Hotel Lalit, World Trade Center, Barakhamba Rd, Fire Brigade Lane, Connaught Place, New Delhi, Delhi 110001, India",Delhi,,28.6321147,77.2273616,Monday: 10:00 AM – 8:00 PM; Tuesday: 10:00 AM – 8:00 PM; Wednesday: 10:00 AM – 8:00 PM; Thursday: 10:00 AM – 8:00 PM; Friday: 10:00 AM – 8:00 PM; Saturday: 10:00 AM – 8:00 PM; Sunday: Closed,False,,none,4.9,137,,,google_places,https://www.google.com/maps/place/?q=place_id:ChIJizlTwlX9DDkR6Ehj2dMIlL4,ChIJizlTwlX9DDkR6Ehj2dMIlL4,75,HOT,2026-08-03T14:36:21.415568,2026-09-02T14:36:21.415568,new,False,,,,phone,,Delhi NCR,India,Jashmit Bhalla,No website — losing customers to competitors with online presence | No email listed — missed lead capture opportunities,Lead-gen website + local SEO | Modern website + local SEO package | tailored to your industry,,,,
ph:+919958967461,Bangali Clinic,Medical Clinic,,+919958967461,,,,"1065, Faridabad, Mewala Maharajpur Rd, HBH Colony, Sector 46, Delhi, Faridabad, Haryana 121010, India",Delhi,,28.43894,77.2988723,Monday: 9:00 AM – 10:00 PM; Tuesday: 9:00 AM – 10:00 PM; Wednesday: 9:00 AM – 10:00 PM; Thursday: 9:00 AM – 10:00 PM; Friday: 9:00 AM – 10:00 PM; Saturday: 9:00 AM – 10:00 PM; Sunday: 9:00 AM – 10:00 PM,False,,none,,,,,google_places,https://www.google.com/maps/place/?q=place_id:ChIJNcQ0iPDdDDkR63cgZrqHoNA,ChIJNcQ0iPDdDDkR63cgZrqHoNA,70,HOT,2026-08-03T14:36:19.869335,2026-09-02T14:36:19.869335,new,False,,,,phone,,Delhi NCR,India,Jashmit Bhalla,No website — losing customers to competitors with online presence | No online reviews — lost credibility against competitors with ratings | No email listed — missed lead capture opportunities,"Lead-gen website + local SEO | Medical website with patient booking + local SEO | highlight online booking, Google reviews, and telehealth",,,,
ph:+917011566857,Sai Nath Acu Heal,Medical Clinic,,+917011566857,,,,"Sector 46, Faridabad, C7Px+Whv, Sector 26, Faridabad Division Delhi, C7PX+WGQ, Huda Market, Sector 26, Sector 46, Faridabad, Haryana 121010, India",Delhi,,28.4373236,77.2989377,Monday: 9:00 AM – 10:00 PM; Tuesday: 9:00 AM – 10:00 PM; Wednesday: 9:00 AM – 10:00 PM; Thursday: 9:00 AM – 10:00 PM; Friday: 9:00 AM – 10:00 PM; Saturday: 9:00 AM – 10:00 PM; Sunday: 9:00 AM – 10:00 PM,False,,none,3.0,2,,,google_places,https://www.google.com/maps/place/?q=place_id:ChIJA6ARE_DdDDkR95U-LJQfUvc,ChIJA6ARE_DdDDkR95U-LJQfUvc,70,HOT,2026-08-03T14:36:19.869335,2026-09-02T14:36:19.869335,new,False,,,,phone,,Delhi NCR,India,Jashmit Bhalla,No website — losing customers to competitors with online presence | Very few reviews — potential customers find it hard to trust | No email listed — missed lead capture opportunities,"Lead-gen website + local SEO | Medical website with patient booking + local SEO | highlight online booking, Google reviews, and telehealth",,,,
ph:+919990444687,Sarthak & Madhav Advocates & Solicitors ! Civil ! Criminal! Bail ! Cheque Bounce ! Divorce ! Cyber Crime Delhi,Consultant,,+919990444687,,,,"B112, BGS BLOCK, Tis Hazari, COURT, Delhi, 110054, India",Delhi,,28.6645599,77.214933,Monday: Open 24 hours; Tuesday: Open 24 hours; Wednesday: Open 24 hours; Thursday: Open 24 hours; Friday: Open 24 hours; Saturday: Open 24 hours; Sunday: Open 24 hours,False,https://www.facebook.com/sarthaklawfirm/,social_only,5.0,88,,,google_places,https://www.google.com/maps/place/?q=place_id:ChIJi0Zyi3T9DDkRM46_fR_1mAs,ChIJi0Zyi3T9DDkRM46_fR_1mAs,70,HOT,2026-08-03T14:36:20.646128,2026-09-02T14:36:20.646128,new,False,,,email-not-found-on-site,phone,,Delhi NCR,India,Jashmit Bhalla,Only social media presence — no dedicated website limits credibility | No email listed — missed lead capture opportunities,Professional website + social media integration | Modern website + local SEO package | tailored to your industry,,,,
pid:ChIJ3ywyJPsfDTkRZpCXTZORdqc,Smart healthcare clinic,Medical Clinic,,,,,,"Cempa kola, 110030, Khokhere Dhage Wali Gali, nearby Atul helpline pharmacy, near Kali Mandir, Bandalo Wala Mohalla, Lado Sarai, New Delhi, Delhi 110030, India",Delhi,,28.5255274,77.1924342,Monday: Open 24 hours; Tuesday: Open 24 hours; Wednesday: Open 24 hours; Thursday: Open 24 hours; Friday: Open 24 hours; Saturday: Open 24 hours; Sunday: Open 24 hours,False,,none,5.0,1,,,google_places,https://www.google.com/maps/place/?q=place_id:ChIJ3ywyJPsfDTkRZpCXTZORdqc,ChIJ3ywyJPsfDTkRZpCXTZORdqc,60,WARM,2026-08-03T14:36:19.869335,2026-09-02T14:36:19.869335,new,False,,,,none,,Delhi NCR,India,Jashmit Bhalla,No website — losing customers to competitors with online presence | Very few reviews — potential customers find it hard to trust | No contact info listed — missed customer inquiries,"Lead-gen website + local SEO | Medical website with patient booking + local SEO | highlight online booking, Google reviews, and telehealth",,,,
ph:+919311625076,Amit Pratap Singh,Attorney,,+919311625076,,,,"SHOP 4,5,6, DDA MARKET, MAYUR KUNJ, adjacent to NAGARJUNA APARTMENT, MAYUR VIHAR, PHASE 1, Krishna Nagar, New Delhi, Delhi, 110051, India",Delhi,,28.6452846,77.2808412,Monday: 9:00 AM – 9:00 PM; Tuesday: 9:00 AM – 9:00 PM; Wednesday: 9:00 AM – 9:00 PM; Thursday: 9:00 AM – 9:00 PM; Friday: 9:00 AM – 9:00 PM; Saturday: 9:00 AM – 9:00 PM; Sunday: Closed,True,http://www.advoknit.com/,weak,4.9,560,,,google_places,https://www.google.com/maps/place/?q=place_id:ChIJdWY2sDf9DDkRZ1KciY5gjbM,ChIJdWY2sDf9DDkRZ1KciY5gjbM,60,WARM,2026-08-03T14:36:20.646128,2026-09-02T14:36:20.646128,new,False,,,email-not-found-on-site,phone,,Delhi NCR,India,Jashmit Bhalla,"Outdated/basic website — poor first impression, likely losing mobile visitors | No email listed — missed lead capture opportunities",Website redesign + SEO optimization | Professional legal website with trust signals + case studies + SEO,,,,
ph:+919899100615,AS PARTNERS SOLICITORS & ADVOCATES,Attorney,,+919899100615,,,sahil@aspartner.in,"Chamber No. 90, Civil Side, Block V, Court, Tis Hazari, New Delhi, Delhi, 110054, India",Delhi,,28.6661564,77.2201649,Monday: Open 24 hours; Tuesday: Open 24 hours; Wednesday: Open 24 hours; Thursday: Open 24 hours; Friday: Open 24 hours; Saturday: Open 24 hours; Sunday: Closed,True,http://www.aspartner.in/,weak,5.0,257,,,google_places,https://www.google.com/maps/place/?q=place_id:ChIJwxm36XL9DDkRaCqhDSXJ7A0,ChIJwxm36XL9DDkRaCqhDSXJ7A0,60,WARM,2026-08-03T14:36:20.646128,2026-09-02T14:36:20.646128,new,False,,,alt_emails: abhimanyu@aspartner.in,email,,Delhi NCR,India,Jashmit Bhalla,"Outdated/basic website — poor first impression, likely losing mobile visitors",Website redesign + SEO optimization | Professional legal website with trust signals + case studies + SEO,,,,
ph:+919899011450,Advocate Kapil Chandna | Top / Best Criminal Bail Lawyers in Delhi High Court & Supreme Court,Attorney,,+919899011450,,,advocate.kapilc@gmail.com,"851A, Patiala House Courts Complex, near Delhi High Court, Patiala House, India Gate, New Delhi, Delhi 110001, India",Delhi,,28.6157906,77.2351003,Monday: Open 24 hours; Tuesday: Open 24 hours; Wednesday: Open 24 hours; Thursday: Open 24 hours; Friday: Open 24 hours; Saturday: Open 24 hours; Sunday: Open 24 hours,True,http://www.kapilchandna.legal/,weak,4.8,272,,,google_places,https://www.google.com/maps/place/?q=place_id:ChIJbSHxQNniDDkRUBRE9S7g3uA,ChIJbSHxQNniDDkRUBRE9S7g3uA,60,WARM,2026-08-03T14:36:20.646128,2026-09-02T14:36:20.646128,new,False,,,,email,,Delhi NCR,India,Jashmit Bhalla,"Outdated/basic website — poor first impression, likely losing mobile visitors",Website redesign + SEO optimization | Professional legal website with trust signals + case studies + SEO,,,,
pid:ChIJMxkM1EfnDDkRT9W0QRrd8OI,M.H Healthcare Clinic,Medical Clinic,,,,,,"L-5, near rajdhani public school, Jaitpur Extension, Badarpur, New Delhi, Delhi 110044, India",Delhi,,28.5040458,77.3316903,Monday: 9:00 AM – 11:00 PM; Tuesday: 9:00 AM – 11:00 PM; Wednesday: 9:00 AM – 11:00 PM; Thursday: 9:00 AM – 11:00 PM; Friday: 9:00 AM – 11:00 PM; Saturday: 9:00 AM – 11:00 PM; Sunday: 9:00 AM – 11:00 PM,False,,none,,,,,google_places,https://www.google.com/maps/place/?q=place_id:ChIJMxkM1EfnDDkRT9W0QRrd8OI,ChIJMxkM1EfnDDkRT9W0QRrd8OI,55,WARM,2026-08-03T14:36:19.869335,2026-09-02T14:36:19.869335,new,False,,,,none,,Delhi NCR,India,Jashmit Bhalla,No website — losing customers to competitors with online presence | No online reviews — lost credibility against competitors with ratings | No contact info listed — missed customer inquiries,"Lead-gen website + local SEO | Medical website with patient booking + local SEO | highlight online booking, Google reviews, and telehealth",,,,
ph:+917709690578,Siddharth Jain & Co.,Consultant,,+917709690578,,,,"100, Bahapur, Kailash Hills, East of Kailash, New Delhi, Delhi 110065, India",Delhi,,28.5558075,77.2590747,Monday: Open 24 hours; Tuesday: Open 24 hours; Wednesday: Open 24 hours; Thursday: Open 24 hours; Friday: Open 24 hours; Saturday: Open 24 hours; Sunday: Open 24 hours,True,http://www.sjcolegal.com/,weak,4.9,913,,,google_places,https://www.google.com/maps/place/?q=place_id:ChIJP2uvW9vjDDkR2S-c5s8OuOo,ChIJP2uvW9vjDDkR2S-c5s8OuOo,50,WARM,2026-08-03T14:36:20.646128,2026-09-02T14:36:20.646128,new,False,,,email-not-found-on-site,phone,,Delhi NCR,India,Jashmit Bhalla,"Outdated/basic website — poor first impression, likely losing mobile visitors | No email listed — missed lead capture opportunities",Website redesign + SEO optimization | Modern website + local SEO package | tailored to your industry,,,,
ph:+917284872848,VakeelSaab- Online Legal Advice from Top Lawyers,Consultant,,+917284872848,,,help@vakeelsaab.com,"E 14/13, Block E, Vasant Vihar, New Delhi, Delhi 110057, India",Delhi,,28.561366,77.159854,Monday: Open 24 hours; Tuesday: Open 24 hours; Wednesday: Open 24 hours; Thursday: Open 24 hours; Friday: Open 24 hours; Saturday: Open 24 hours; Sunday: Open 24 hours,True,http://www.vakeelsaab.com/,weak,4.9,307,,,google_places,https://www.google.com/maps/place/?q=place_id:ChIJYYjDvFAdDTkRCKJWDnqCsp4,ChIJYYjDvFAdDTkRCKJWDnqCsp4,50,WARM,2026-08-03T14:36:20.646128,2026-09-02T14:36:20.646128,new,False,,,"alt_emails: lawyer@vakeelsaab.com, connect@vakeelsaab.com, problem@all.if",email,,Delhi NCR,India,Jashmit Bhalla,"Outdated/basic website — poor first impression, likely losing mobile visitors",Website redesign + SEO optimization | Modern website + local SEO package | tailored to your industry,,,,
ph:+911140521445,Qualegal - Advocates & Solicitors | Best Supreme Court Lawyers in Delhi,Consultant,,+911140521445,,,qualegalindia@gmail.com,"4A, Sagar Apartments, 6, Tilak Marg, Mahatma Jyoti Rao Phule Marg Area, New Delhi, Delhi 110001, India",Delhi,,28.6185411,77.2346185,Monday: 9:00 AM – 10:00 PM; Tuesday: 9:00 AM – 10:00 PM; Wednesday: 9:00 AM – 10:00 PM; Thursday: 9:00 AM – 10:00 PM; Friday: 9:00 AM – 10:00 PM; Saturday: 9:00 AM – 5:00 PM; Sunday: 11:00 AM – 7:00 PM,True,http://www.qualegalindia.com/,weak,4.9,129,,,google_places,https://www.google.com/maps/place/?q=place_id:ChIJfxjFCtTjDDkRcgJqSshKNf4,ChIJfxjFCtTjDDkRcgJqSshKNf4,50,WARM,2026-08-03T14:36:20.646128,2026-09-02T14:36:20.646128,new,False,,,,email,,Delhi NCR,India,Jashmit Bhalla,"Outdated/basic website — poor first impression, likely losing mobile visitors",Website redesign + SEO optimization | Modern website + local SEO package | tailored to your industry,,,,
ph:+918595851920,Advocate SA Law Associates,Consultant,,+918595851920,,,madhusudan.techsaga@gmail.com,"Chamber No. 467, LAWYERS BLOCK, SAKET COURT, Sector 6, Pushp Vihar, New Delhi, Delhi 110017, India",Delhi,,28.5298771,77.2228864,Monday: Open 24 hours; Tuesday: Open 24 hours; Wednesday: Open 24 hours; Thursday: Open 24 hours; Friday: Open 24 hours; Saturday: Open 24 hours; Sunday: Open 24 hours,True,http://advocatesalaw.com/,weak,5.0,304,,,google_places,https://www.google.com/maps/place/?q=place_id:ChIJf-LGT8nhDDkRvxPobq70_sU,ChIJf-LGT8nhDDkRvxPobq70_sU,50,WARM,2026-08-03T14:36:20.646128,2026-09-02T14:36:20.646128,new,False,,,alt_emails: saa101746@gmail.com,email,,Delhi NCR,India,Jashmit Bhalla,"Outdated/basic website — poor first impression, likely losing mobile visitors",Website redesign + SEO optimization | Modern website + local SEO package | tailored to your industry,,,,
ph:+919810515155,"Aegis Legal LLP, Advocates",Consultant,,+919810515155,,,info@aegislegalllp.com,"A-420, LGF, Block A, Defence Colony, New Delhi, Delhi 110024, India",Delhi,,28.57546,77.232414,Monday: 9:00 AM – 11:00 PM; Tuesday: 9:00 AM – 11:00 PM; Wednesday: 9:00 AM – 11:00 PM; Thursday: 9:00 AM – 11:00 PM; Friday: 9:00 AM – 11:00 PM; Saturday: 9:00 AM – 11:00 PM; Sunday: 9:00 AM – 11:00 PM,True,http://www.aegislegalllp.com/,weak,4.8,43,,,google_places,https://www.google.com/maps/place/?q=place_id:ChIJVVWlf2f9DDkRHDmtLKmw-dE,ChIJVVWlf2f9DDkRHDmtLKmw-dE,50,WARM,2026-08-03T14:36:21.415568,2026-09-02T14:36:21.415568,new,False,,,,email,,Delhi NCR,India,Jashmit Bhalla,"Outdated/basic website — poor first impression, likely losing mobile visitors",Website redesign + SEO optimization | Modern website + local SEO package | tailored to your industry,,,,
ph:+914165935111,Downtown Dental Centre,Dental Clinic,,+914165935111,,,,"700 University Ave, Toronto, ON M5G 1X7, Canada",Toronto,,43.6592894,-79.390724,Monday: 8:00 AM – 5:45 PM; Tuesday: 8:00 AM – 5:45 PM; Wednesday: 8:00 AM – 4:45 PM; Thursday: 8:00 AM – 4:45 PM; Friday: 7:30 AM – 3:00 PM; Saturday: Closed; Sunday: Closed,True,http://www.downtowndental.ca/,weak,4.9,592,,,google_places,https://www.google.com/maps/place/?q=place_id:ChIJV89hMqw0K4gRqO4BksM16So,ChIJV89hMqw0K4gRqO4BksM16So,60,WARM,2026-08-03T14:39:08.781556,2026-09-02T14:39:08.781556,new,False,,,email-not-found-on-site,phone,,Ontario - GTA,Canada,Tishya Kane,"Outdated/basic website — poor first impression, likely losing mobile visitors | No email listed — missed lead capture opportunities | Patients search for 'dentist near me' — losing local search traffic without a site","Website redesign + SEO optimization | Medical website with patient booking + local SEO | highlight online booking, Google reviews, and telehealth",,,,
ph:+914165195550,College Street Dental,Dental Clinic,,+914165195550,,,,"261 College St, Toronto, ON M5T 1R5, Canada",Toronto,,43.6577087,-79.3994869,Monday: 10:00 AM – 6:30 PM; Tuesday: 10:00 AM – 6:30 PM; Wednesday: 10:00 AM – 6:30 PM; Thursday: 10:00 AM – 6:30 PM; Friday: 10:00 AM – 5:30 PM; Saturday: 10:00 AM – 3:00 PM; Sunday: Closed,True,http://www.collegestreetdental.ca/,weak,4.7,1397,,,google_places,https://www.google.com/maps/place/?q=place_id:ChIJw5gPA8E0K4gRLe4CyIfJmWs,ChIJw5gPA8E0K4gRLe4CyIfJmWs,60,WARM,2026-08-03T14:39:08.781556,2026-09-02T14:39:08.781556,new,False,,,email-not-found-on-site,phone,,Ontario - GTA,Canada,Tishya Kane,"Outdated/basic website — poor first impression, likely losing mobile visitors | No email listed — missed lead capture opportunities | Patients search for 'dentist near me' — losing local search traffic without a site","Website redesign + SEO optimization | Medical website with patient booking + local SEO | highlight online booking, Google reviews, and telehealth",,,,
ph:+914165139494,Downtown Dental Clinic,Dentist,,+914165139494,,,,"819 Yonge St, Toronto, ON M4W 2G9, Canada",Toronto,,43.6726772,-79.3873553,Monday: 10:00 AM – 6:00 PM; Tuesday: 10:00 AM – 6:00 PM; Wednesday: 10:00 AM – 6:00 PM; Thursday: 10:00 AM – 6:00 PM; Friday: 10:00 AM – 6:00 PM; Saturday: 8:00 AM – 2:00 PM; Sunday: Closed,True,http://www.downtowndentalclinic.com/,weak,4.8,320,,,google_places,https://www.google.com/maps/place/?q=place_id:ChIJOwJxuK40K4gRHrVk0Nqh_1c,ChIJOwJxuK40K4gRHrVk0Nqh_1c,60,WARM,2026-08-03T14:39:08.781556,2026-09-02T14:39:08.781556,new,False,,,email-not-found-on-site,phone,,Ontario - GTA,Canada,Tishya Kane,"Outdated/basic website — poor first impression, likely losing mobile visitors | No email listed — missed lead capture opportunities | Patients search for 'dentist near me' — losing local search traffic without a site","Website redesign + SEO optimization | Medical website with patient booking + local SEO | highlight online booking, Google reviews, and telehealth",,,,
ph:+914167920980,Dentistry at St George,Dental Clinic,,+914167920980,,,,"Jackman Humanities Building, 262 Bloor St W Unit 104, Toronto, ON M5S 1V8, Canada",Toronto,,43.6677163,-79.4002076,Monday: 10:00 AM – 6:30 PM; Tuesday: 10:00 AM – 6:30 PM; Wednesday: 10:00 AM – 6:30 PM; Thursday: 10:00 AM – 6:30 PM; Friday: 10:00 AM – 5:30 PM; Saturday: Closed; Sunday: Closed,True,http://www.dentistryatstgeorge.ca/,weak,4.8,696,,,google_places,https://www.google.com/maps/place/?q=place_id:ChIJcc9skPg1K4gRzqXGwGBwCeQ,ChIJcc9skPg1K4gRzqXGwGBwCeQ,60,WARM,2026-08-03T14:39:08.781556,2026-09-02T14:39:08.781556,new,False,,,email-not-found-on-site,phone,,Ontario - GTA,Canada,Tishya Kane,"Outdated/basic website — poor first impression, likely losing mobile visitors | No email listed — missed lead capture opportunities | Patients search for 'dentist near me' — losing local search traffic without a site","Website redesign + SEO optimization | Medical website with patient booking + local SEO | highlight online booking, Google reviews, and telehealth",,,,
ph:+914165516565,St George Dental,Dentist,,+914165516565,,,,"183 College St, Toronto, ON M5T 1P7, Canada",Toronto,,43.6588845,-79.3943292,Monday: 10:00 AM – 6:30 PM; Tuesday: 10:00 AM – 6:30 PM; Wednesday: 10:00 AM – 6:30 PM; Thursday: 10:00 AM – 6:30 PM; Friday: 10:00 AM – 5:30 PM; Saturday: 10:00 AM – 3:00 PM; Sunday: Closed,True,https://www.stgeorgedental.ca/,ok,4.8,1371,,,google_places,https://www.google.com/maps/place/?q=place_id:ChIJzbAKnsc0K4gR1v_JHyy801c,ChIJzbAKnsc0K4gR1v_JHyy801c,40,COLD,2026-08-03T14:39:08.781556,2026-09-02T14:39:08.781556,new,False,,,,phone,,Ontario - GTA,Canada,Tishya Kane,No email listed — missed lead capture opportunities | Patients search for 'dentist near me' — losing local search traffic without a site,"SEO + review generation + conversion optimization | Medical website with patient booking + local SEO | highlight online booking, Google reviews, and telehealth",,,,
ph:+914162149119,Harbour Dental Centre,Dental Clinic,,+914162149119,,,,"12 Yonge St #8, Toronto, ON M5E 1Z9, Canada",Toronto,,43.6429054,-79.3758958,Monday: 9:00 AM – 7:00 PM; Tuesday: 8:00 AM – 6:00 PM; Wednesday: 8:00 AM – 6:00 PM; Thursday: 8:00 AM – 6:00 PM; Friday: 8:00 AM – 6:00 PM; Saturday: 8:00 AM – 2:00 PM; Sunday: Closed,True,https://dentalcentres.com/,ok,4.8,603,,,google_places,https://www.google.com/maps/place/?q=place_id:ChIJJ3bplCvL1IkRvuU1Cl385K8,ChIJJ3bplCvL1IkRvuU1Cl385K8,40,COLD,2026-08-03T14:39:08.781556,2026-09-02T14:39:08.781556,new,False,,,,phone,,Ontario - GTA,Canada,Tishya Kane,No email listed — missed lead capture opportunities | Patients search for 'dentist near me' — losing local search traffic without a site,"SEO + review generation + conversion optimization | Medical website with patient booking + local SEO | highlight online booking, Google reviews, and telehealth",,,,
ph:+914165970534,Atlas Dental,Dentist,,+914165970534,,,,"2 Bloor St W #1903, Toronto, ON M4W 3E2, Canada",Toronto,,43.6705396,-79.3870619,Monday: 7:30 AM – 10:00 PM; Tuesday: 7:30 AM – 10:00 PM; Wednesday: 7:30 AM – 10:00 PM; Thursday: 7:30 AM – 10:00 PM; Friday: 7:30 AM – 10:00 PM; Saturday: 7:30 AM – 10:00 PM; Sunday: 7:30 AM – 10:00 PM,True,https://www.atlasdental.ca/,ok,4.9,856,,,google_places,https://www.google.com/maps/place/?q=place_id:ChIJzUvgaMk0K4gRQKK_YmzF8E0,ChIJzUvgaMk0K4gRQKK_YmzF8E0,40,COLD,2026-08-03T14:39:08.781556,2026-09-02T14:39:08.781556,new,False,,,,phone,,Ontario - GTA,Canada,Tishya Kane,No email listed — missed lead capture opportunities | Patients search for 'dentist near me' — losing local search traffic without a site,"SEO + review generation + conversion optimization | Medical website with patient booking + local SEO | highlight online booking, Google reviews, and telehealth",,,,
ph:+914166398889,Paste Dental,Dentist,,+914166398889,,,,"373 King St W #2, Toronto, ON M5V 1K1, Canada",Toronto,,43.6457098,-79.3929035,Monday: 8:00 AM – 8:00 PM; Tuesday: 8:00 AM – 8:00 PM; Wednesday: 8:00 AM – 8:00 PM; Thursday: 8:00 AM – 8:00 PM; Friday: 8:00 AM – 6:00 PM; Saturday: 8:00 AM – 2:00 PM; Sunday: 8:00 AM – 2:00 PM,True,https://paste.dental/,ok,5.0,854,,,google_places,https://www.google.com/maps/place/?q=place_id:ChIJYWy_f9o1K4gRtxqh0K1vdNU,ChIJYWy_f9o1K4gRtxqh0K1vdNU,40,COLD,2026-08-03T14:39:08.781556,2026-09-02T14:39:08.781556,new,False,,,,phone,,Ontario - GTA,Canada,Tishya Kane,No email listed — missed lead capture opportunities | Patients search for 'dentist near me' — losing local search traffic without a site,"SEO + review generation + conversion optimization | Medical website with patient booking + local SEO | highlight online booking, Google reviews, and telehealth",,,,
ph:+914163682855,Waterview Family Dental Clinic,Dentist,,+914163682855,,,,"218 Queens Quay W, Toronto, ON M5J 2Y6, Canada",Toronto,,43.6398506,-79.382077,Monday: 8:00 AM – 8:00 PM; Tuesday: 8:00 AM – 8:00 PM; Wednesday: 8:00 AM – 8:00 PM; Thursday: 8:00 AM – 8:00 PM; Friday: 8:00 AM – 8:00 PM; Saturday: 8:00 AM – 2:00 PM; Sunday: Closed,True,https://www.waterviewdentaltoronto.com/,ok,4.9,1518,,,google_places,https://www.google.com/maps/place/?q=place_id:ChIJVTJYfdU0K4gRImxXUN-mJVg,ChIJVTJYfdU0K4gRImxXUN-mJVg,40,COLD,2026-08-03T14:39:08.781556,2026-09-02T14:39:08.781556,new,False,,,,phone,,Ontario - GTA,Canada,Tishya Kane,No email listed — missed lead capture opportunities | Patients search for 'dentist near me' — losing local search traffic without a site,"SEO + review generation + conversion optimization | Medical website with patient booking + local SEO | highlight online booking, Google reviews, and telehealth",,,,
ph:+916478120419,Smile Dental Centre Toronto - Dr. Rashin Elahi,Dental Clinic,,+916478120419,,,,"1771 St Clair Ave W, Toronto, ON M6N 1J4, Canada",Toronto,,43.6737722,-79.4608945,Monday: 9:30 AM – 7:00 PM; Tuesday: 9:30 AM – 7:00 PM; Wednesday: 11:00 AM – 4:00 PM; Thursday: 9:30 AM – 7:00 PM; Friday: 9:30 AM – 7:00 PM; Saturday: 9:30 AM – 4:00 PM; Sunday: Closed,True,https://smiledentaltoronto.com/,ok,4.9,1182,,,google_places,https://www.google.com/maps/place/?q=place_id:ChIJuxhAaGY1K4gR0-KhwB6pkP8,ChIJuxhAaGY1K4gR0-KhwB6pkP8,40,COLD,2026-08-03T14:39:08.781556,2026-09-02T14:39:08.781556,new,False,,,,phone,,Ontario - GTA,Canada,Tishya Kane,No email listed — missed lead capture opportunities | Patients search for 'dentist near me' — losing local search traffic without a site,"SEO + review generation + conversion optimization | Medical website with patient booking + local SEO | highlight online booking, Google reviews, and telehealth",,,,
ph:+914163688000,Dentistry on King,Dentist,,+914163688000,,,,"5 King St E C, Toronto, ON M5C 3C6, Canada",Toronto,,43.6492156,-79.3770843,Monday: 8:30 AM – 6:30 PM; Tuesday: 8:00 AM – 7:00 PM; Wednesday: 8:30 AM – 3:00 PM; Thursday: 8:30 AM – 6:30 PM; Friday: 9:00 AM – 1:00 PM; Saturday: 8:30 AM – 4:00 PM; Sunday: Closed,True,https://dentistryonking.net/,ok,4.9,549,,,google_places,https://www.google.com/maps/place/?q=place_id:ChIJZQS0fDLL1IkR5U7TSc7NFOA,ChIJZQS0fDLL1IkR5U7TSc7NFOA,40,COLD,2026-08-03T14:39:08.781556,2026-09-02T14:39:08.781556,new,False,,,,phone,,Ontario - GTA,Canada,Tishya Kane,No email listed — missed lead capture opportunities | Patients search for 'dentist near me' — losing local search traffic without a site,"SEO + review generation + conversion optimization | Medical website with patient booking + local SEO | highlight online booking, Google reviews, and telehealth",,,,
ph:+914162140508,The Richmond Dental Centre,Dentist,,+914162140508,,,,"294 Richmond St E #101, Toronto, ON M5A 1P5, Canada",Toronto,,43.6534659,-79.3692817,Monday: 8:00 AM – 8:00 PM; Tuesday: 8:00 AM – 8:00 PM; Wednesday: 8:00 AM – 8:00 PM; Thursday: 8:00 AM – 8:00 PM; Friday: 8:00 AM – 8:00 PM; Saturday: 8:00 AM – 2:00 PM; Sunday: Closed,True,https://www.therichmonddentalcentre.com/,ok,4.9,1265,,,google_places,https://www.google.com/maps/place/?q=place_id:ChIJ2deJWTfL1IkRrUBgVopg0_g,ChIJ2deJWTfL1IkRrUBgVopg0_g,40,COLD,2026-08-03T14:39:08.781556,2026-09-02T14:39:08.781556,new,False,,,,phone,,Ontario - GTA,Canada,Tishya Kane,No email listed — missed lead capture opportunities | Patients search for 'dentist near me' — losing local search traffic without a site,"SEO + review generation + conversion optimization | Medical website with patient booking + local SEO | highlight online booking, Google reviews, and telehealth",,,,
ph:+914167823368,Studio Dental @ Union Station,Dental Clinic,,+914167823368,,,,"65 Front St W Unit 407, Toronto, ON M5J 1E6, Canada",Toronto,,43.6450073,-79.3793485,Monday: 7:00 AM – 9:00 PM; Tuesday: 7:00 AM – 9:00 PM; Wednesday: 7:00 AM – 9:00 PM; Thursday: 7:00 AM – 9:00 PM; Friday: 7:00 AM – 9:00 PM; Saturday: 9:00 AM – 6:00 PM; Sunday: 9:00 AM – 6:00 PM,True,https://www.studiodentalcentres.ca/,ok,4.7,977,,,google_places,https://www.google.com/maps/place/?q=place_id:ChIJb1hy1S01K4gRa7t4QN6wVZU,ChIJb1hy1S01K4gRa7t4QN6wVZU,40,COLD,2026-08-03T14:39:08.781556,2026-09-02T14:39:08.781556,new,False,,,,phone,,Ontario - GTA,Canada,Tishya Kane,No email listed — missed lead capture opportunities | Patients search for 'dentist near me' — losing local search traffic without a site,"SEO + review generation + conversion optimization | Medical website with patient booking + local SEO | highlight online booking, Google reviews, and telehealth",,,,
ph:+914166527590,West Village Dental Clinic,Dentist,,+914166527590,,,,"1090 St Clair Ave W, Toronto, ON M6E 1A7, Canada",Toronto,,43.6787235,-79.4402244,Monday: 10:00 AM – 6:00 PM; Tuesday: 8:00 AM – 8:00 PM; Wednesday: 8:00 AM – 5:00 PM; Thursday: 8:00 AM – 8:00 PM; Friday: 8:00 AM – 2:00 PM; Saturday: 8:00 AM – 4:00 PM; Sunday: Closed,True,https://westvillagedental.ca/,ok,4.8,641,,,google_places,https://www.google.com/maps/place/?q=place_id:ChIJa1RnJnc0K4gR30jPFSdhVmo,ChIJa1RnJnc0K4gR30jPFSdhVmo,40,COLD,2026-08-03T14:39:08.781556,2026-09-02T14:39:08.781556,new,False,,,,phone,,Ontario - GTA,Canada,Tishya Kane,No email listed — missed lead capture opportunities | Patients search for 'dentist near me' — losing local search traffic without a site,"SEO + review generation + conversion optimization | Medical website with patient booking + local SEO | highlight online booking, Google reviews, and telehealth",,,,
ph:+914163225156,Broadway Dental Clinic,Dental Clinic,,+914163225156,,,,"896 Mt Pleasant Rd, Toronto, ON M4P 2L6, Canada",Toronto,,43.711273,-79.391541,Monday: 8:30 AM – 7:00 PM; Tuesday: 8:30 AM – 7:00 PM; Wednesday: 8:30 AM – 7:00 PM; Thursday: 8:30 AM – 7:00 PM; Friday: 8:00 AM – 7:00 PM; Saturday: 8:00 AM – 4:00 PM; Sunday: 8:30 AM – 4:00 PM,True,https://www.broadwaydentalclinic.com/,ok,4.9,594,,,google_places,https://www.google.com/maps/place/?q=place_id:ChIJXzAxVi8zK4gRT7pO1dMm-bA,ChIJXzAxVi8zK4gRT7pO1dMm-bA,40,COLD,2026-08-03T14:39:08.781556,2026-09-02T14:39:08.781556,new,False,,,,phone,,Ontario - GTA,Canada,Tishya Kane,No email listed — missed lead capture opportunities | Patients search for 'dentist near me' — losing local search traffic without a site,"SEO + review generation + conversion optimization | Medical website with patient booking + local SEO | highlight online booking, Google reviews, and telehealth",,,,
ph:+914166400484,Parkview Family Dental Clinic,Dentist,,+914166400484,,,,"600 Fleet St, Toronto, ON M5V 1B7, Canada",Toronto,,43.6367767,-79.4001316,Monday: 8:00 AM – 8:00 PM; Tuesday: 8:00 AM – 8:00 PM; Wednesday: 8:00 AM – 8:00 PM; Thursday: 8:00 AM – 8:00 PM; Friday: 8:00 AM – 8:00 PM; Saturday: 8:00 AM – 2:00 PM; Sunday: Closed,True,https://www.parkviewdentaltoronto.com/,ok,4.9,1305,,,google_places,https://www.google.com/maps/place/?q=place_id:ChIJx6T4fyE1K4gR1F9_cAhhaxQ,ChIJx6T4fyE1K4gR1F9_cAhhaxQ,40,COLD,2026-08-03T14:39:08.781556,2026-09-02T14:39:08.781556,new,False,,,,phone,,Ontario - GTA,Canada,Tishya Kane,No email listed — missed lead capture opportunities | Patients search for 'dentist near me' — losing local search traffic without a site,"SEO + review generation + conversion optimization | Medical website with patient booking + local SEO | highlight online booking, Google reviews, and telehealth",,,,
ph:(416) 971-8181,Elmwood Park Dental,Dental Clinic,,(416) 971-8181,,,,"29 Elm St, Toronto, ON M5G 1H1, Canada",Toronto,,43.6574038,-79.3831069,Monday: 10:00 AM – 7:00 PM; Tuesday: 10:00 AM – 7:00 PM; Wednesday: 10:00 AM – 7:00 PM; Thursday: 10:00 AM – 7:00 PM; Friday: 10:00 AM – 4:00 PM; Saturday: 8:00 AM – 3:00 PM; Sunday: Closed,True,https://dentalclinictoronto.dentist/,ok,4.8,383,,,google_places,https://www.google.com/maps/place/?q=place_id:ChIJhX2d9co0K4gRqTY5thFYhTQ,ChIJhX2d9co0K4gRqTY5thFYhTQ,40,COLD,2026-08-03T14:39:08.781556,2026-09-02T14:39:08.781556,new,False,,,,phone,,Ontario - GTA,Canada,Tishya Kane,No email listed — missed lead capture opportunities | Patients search for 'dentist near me' — losing local search traffic without a site,"SEO + review generation + conversion optimization | Medical website with patient booking + local SEO | highlight online booking, Google reviews, and telehealth",,,,
ph:(416) 883-0070,Cityview Family Dental Clinic,Dentist,,(416) 883-0070,,,,"355 Bremner Blvd, Toronto, ON M5V 3V4, Canada",Toronto,,43.6406015,-79.3922548,Monday: 8:00 AM – 8:00 PM; Tuesday: 8:00 AM – 8:00 PM; Wednesday: 8:00 AM – 8:00 PM; Thursday: 8:00 AM – 8:00 PM; Friday: 8:00 AM – 8:00 PM; Saturday: 8:00 AM – 2:00 PM; Sunday: Closed,True,https://cityviewdentaltoronto.com/,ok,4.8,1191,,,google_places,https://www.google.com/maps/place/?q=place_id:ChIJ-Vrg9yc1K4gRIlsLrT6Od-Q,ChIJ-Vrg9yc1K4gRIlsLrT6Od-Q,40,COLD,2026-08-03T14:39:08.781556,2026-09-02T14:39:08.781556,new,False,,,,phone,,Ontario - GTA,Canada,Tishya Kane,No email listed — missed lead capture opportunities | Patients search for 'dentist near me' — losing local search traffic without a site,"SEO + review generation + conversion optimization | Medical website with patient booking + local SEO | highlight online booking, Google reviews, and telehealth",,,,
ph:+914166721000,Dental Land Summerhill,Dentist,,+914166721000,,,,"1221 Yonge St, Toronto, ON M4T 1W4, Canada",Toronto,,43.6832524,-79.3919483,Monday: 9:00 AM – 7:00 PM; Tuesday: 9:00 AM – 7:00 PM; Wednesday: 9:00 AM – 7:00 PM; Thursday: 9:00 AM – 7:00 PM; Friday: 9:00 AM – 7:00 PM; Saturday: 9:00 AM – 4:00 PM; Sunday: Closed,True,https://dentalland.ca/,ok,4.9,682,,,google_places,https://www.google.com/maps/place/?q=place_id:ChIJVZLn2iUzK4gReXsoo7aNOeg,ChIJVZLn2iUzK4gReXsoo7aNOeg,40,COLD,2026-08-03T14:39:08.781556,2026-09-02T14:39:08.781556,new,False,,,,phone,,Ontario - GTA,Canada,Tishya Kane,No email listed — missed lead capture opportunities | Patients search for 'dentist near me' — losing local search traffic without a site,"SEO + review generation + conversion optimization | Medical website with patient booking + local SEO | highlight online booking, Google reviews, and telehealth",,,,
ph:+916475620405,Maxilla Dental Clinic - Bloor,Dental Clinic,,+916475620405,,,,"421 Bloor St E #205, Toronto, ON M4W 3T1, Canada",Toronto,,43.6721058,-79.3769544,Monday: 10:00 AM – 8:00 PM; Tuesday: 10:00 AM – 8:00 PM; Wednesday: 10:00 AM – 8:00 PM; Thursday: 10:00 AM – 8:00 PM; Friday: 10:00 AM – 8:00 PM; Saturday: Closed; Sunday: Closed,True,https://maxilladental.com/,ok,4.9,526,,,google_places,https://www.google.com/maps/place/?q=place_id:ChIJJzOOJIPL1IkRpS7GNokFXQQ,ChIJJzOOJIPL1IkRpS7GNokFXQQ,40,COLD,2026-08-03T14:39:08.781556,2026-09-02T14:39:08.781556,new,False,,,,phone,,Ontario - GTA,Canada,Tishya Kane,No email listed — missed lead capture opportunities | Patients search for 'dentist near me' — losing local search traffic without a site,"SEO + review generation + conversion optimization | Medical website with patient booking + local SEO | highlight online booking, Google reviews, and telehealth",,,,
ph:+919717895965,I Max Dental Multispeciality Clinic ( ON CGHS PANEL),Dental Clinic,,+919717895965,,,,"G.F, DDA Flat, 22/630, DDA Flats, Doctor Ambedkar Nagar, Madangir, New Delhi, Delhi 110062, India",Delhi,,28.520026,77.2283829,Monday: 9:30 AM – 9:30 PM; Tuesday: 9:30 AM – 9:30 PM; Wednesday: 9:30 AM – 9:30 PM; Thursday: 9:30 AM – 9:30 PM; Friday: 9:30 AM – 9:30 PM; Saturday: 9:30 AM – 9:30 PM; Sunday: 9:30 AM – 9:30 PM,True,https://imaxdental.com/,ok,4.7,368,,,google_places,https://www.google.com/maps/place/?q=place_id:ChIJeRzdEZDhDDkRw_l4coU0tSI,ChIJeRzdEZDhDDkRw_l4coU0tSI,40,COLD,2026-08-03T14:39:09.639920,2026-09-02T14:39:09.639920,new,False,,,,phone,,Delhi NCR,India,Jashmit Bhalla,No email listed — missed lead capture opportunities | Patients search for 'dentist near me' — losing local search traffic without a site,"SEO + review generation + conversion optimization | Medical website with patient booking + local SEO | highlight online booking, Google reviews, and telehealth",,,,
ph:+918800335642,DR. BHUSHAN DENTAL ( RCT SPECIALIST ),Dentist,,+918800335642,,,,"ground floor, angel apartment 1, plot no 257, near Bank of India, Block A1, Chhatarpur, New Delhi, Delhi 110074, India",Delhi,,28.4986726,77.1847055,Monday: Open 24 hours; Tuesday: Open 24 hours; Wednesday: Closed; Thursday: Open 24 hours; Friday: Open 24 hours; Saturday: Open 24 hours; Sunday: Open 24 hours,True,https://bhushandental.in/,ok,4.9,325,,,google_places,https://www.google.com/maps/place/?q=place_id:ChIJ6ZVbXUAfDTkRMrCL5zvk9vM,ChIJ6ZVbXUAfDTkRMrCL5zvk9vM,40,COLD,2026-08-03T14:39:09.639920,2026-09-02T14:39:09.639920,new,False,,,,phone,,Delhi NCR,India,Jashmit Bhalla,No email listed — missed lead capture opportunities | Patients search for 'dentist near me' — losing local search traffic without a site,"SEO + review generation + conversion optimization | Medical website with patient booking + local SEO | highlight online booking, Google reviews, and telehealth",,,,
ph:+911169271077,"Clove Dental Clinic - Alaknanda, Delhi",Dental Clinic,,+911169271077,,,,"Alaknanda - No, 4, First Floor, DDA Shopping Centre, Nilgiri Apartments, opp. St. Georges School, Alaknanda, New Delhi, Delhi 110019, India",Delhi,,28.5274751,77.2503581,Monday: Closed; Tuesday: 10:00 AM – 7:00 PM; Wednesday: 10:00 AM – 7:00 PM; Thursday: 10:00 AM – 7:00 PM; Friday: 10:00 AM – 7:00 PM; Saturday: 10:00 AM – 7:00 PM; Sunday: 10:00 AM – 7:00 PM,True,https://clovedental.in/dentist-near-me/delhi/alaknanda?utm_source=website&utm_medium=gmb&utm_campaign=Alaknanda_GMB,ok,4.9,755,,,google_places,https://www.google.com/maps/place/?q=place_id:ChIJkcdr9VPhDDkR5TtBcz8nolI,ChIJkcdr9VPhDDkR5TtBcz8nolI,40,COLD,2026-08-03T14:39:09.639920,2026-09-02T14:39:09.639920,new,False,,,,phone,,Delhi NCR,India,Jashmit Bhalla,No email listed — missed lead capture opportunities | Patients search for 'dentist near me' — losing local search traffic without a site,"SEO + review generation + conversion optimization | Medical website with patient booking + local SEO | highlight online booking, Google reviews, and telehealth",,,,
